pref_name,facility_name,n_specialists,match_status,match_method,coordinate_source,assignment_basis,care_setting,ref_facility_name,iryoken2_code,iryoken2_name,lon,lat,reason_code,contested
北海道,JR札幌病院,1,matched,normalized_exact,ksj_p04,automatic,care,ＪＲ札幌病院,0104,札幌,141.3566792,43.06573571,,0
北海道,NTT東日本札幌病院,1,matched,normalized_exact,iryojoho_hospital,automatic,care,ＮＴＴ東日本札幌病院,0104,札幌,141.334582,43.056224,,0
北海道,なかた小児科,1,matched,normalized_exact,ksj_p04,automatic,care,なかた小児科,0104,札幌,141.39713342320255,43.04629578522876,,0
北海道,のえる小児科,1,matched,normalized_exact,ksj_p04,automatic,care,医療法人社団　のえる小児科,0104,札幌,141.41956047341654,43.02018383572151,,0
北海道,むぎのこ発達クリニック 札幌心の診療所,1,unmatched,,,automatic,,,,,,,no_name_match,0
北海道,一般社団法人Sapporo Medical Academy,1,unmatched,,,automatic,,,,,,,no_name_match,0
北海道,伊達赤十字病院,1,matched,normalized_suffix,ksj_p04,automatic,care,総合病院伊達赤十字病院,0109,西胆振,140.8696235,42.4753535,,0
北海道,八軒内科ファミリークリニック,1,unmatched,,,automatic,,,,,,,no_name_match,0
北海道,勤医協中央病院,2,matched,normalized_exact,iryojoho_hospital,automatic,care,勤医協中央病院,0104,札幌,141.403063,43.091463,,0
北海道,北海道がんセンター,1,matched,normalized_suffix,ksj_p04,automatic,care,独立行政法人国立病院機構北海道がんセンター,0104,札幌,141.3748752,43.05837674,,0
北海道,北海道大学,2,matched,crosswalk,iryojoho_hospital,university_hospital,care,北海道大学病院,0104,札幌,,,,0
北海道,北海道立子ども総合医療・療育センター,1,matched,normalized_exact,ksj_p04,automatic,care,北海道立子ども総合医療・療育センター,0104,札幌,141.2110493,43.12867079,,0
北海道,医療法人すがわら内科呼吸器科,1,matched,normalized_exact,iryojoho_clinic,automatic,care,医療法人すがわら内科呼吸器科,0110,東胆振,141.549105,42.624788,,0
北海道,医療法人社団 丘のうえこどもクリニック,1,matched,normalized_exact,iryojoho_clinic,automatic,care,医療法人社団丘のうえこどもクリニック,0112,上川中部,142.374592,43.728828,,0
北海道,医療法人社団 平成醫塾苫小牧東病院,1,matched,normalized_exact,iryojoho_hospital,automatic,care,社会医療法人平成醫塾　苫小牧東病院,0110,東胆振,141.636758,42.662568,,0
北海道,医療法人社団こうの内科 円山エルムクリニック,1,matched,normalized_suffix,ksj_p04,automatic,care,円山エルムクリニック,0104,札幌,141.31966121781437,43.05598186023365,,0
北海道,医療法人社団大空会 大道内科・呼吸器科クリニック,1,matched,normalized_exact,ksj_p04,automatic,care,医療法人社団大空会　大道内科・呼吸器科クリニック,0104,札幌,141.35015206020336,43.06479922186348,,0
北海道,名寄市立総合病院,2,matched,normalized_exact,iryojoho_hospital,automatic,care,名寄市立総合病院,0113,上川北部,142.451335,44.348541,,0
北海道,名寄東病院,1,matched,normalized_exact,iryojoho_hospital,automatic,care,名寄東病院,0113,上川北部,142.475305,44.350347,,0
北海道,市立函館保健所,1,matched,normalized_exact,ksj_p04,automatic,care,市立函館保健所,0101,南渡島,140.75245962965556,41.799647100733175,,0
北海道,市立札幌病院,2,matched,normalized_exact,ksj_p04,automatic,care,市立札幌病院,0104,札幌,141.3346474,43.07099935,,0
北海道,帯広厚生病院,1,matched,normalized_suffix,iryojoho_hospital,automatic,care,ＪＡ北海道厚生連帯広厚生病院,0119,十勝,143.181618,42.91954,,0
北海道,愛育病院,1,unmatched,,,automatic,,,,,,,no_name_match,0
北海道,慈啓会病院,1,matched,normalized_exact,ksj_p04,automatic,care,慈啓会病院,0104,札幌,141.3228329,43.03633475,,0
北海道,手稲いなづみ病院,1,matched,normalized_suffix,ksj_p04,automatic,care,社会医療法人　アルデバラン　手稲いなづみ病院,0104,札幌,141.26204412785688,43.11561838843535,,0
北海道,新さっぽろ小児科,1,matched,normalized_suffix,ksj_p04,automatic,care,医療法人社団恒仁会新さっぽろ小児科,0104,札幌,141.4722327996202,43.038605177696994,,0
北海道,旭川医科大学,1,matched,crosswalk,iryojoho_hospital,university_hospital,care,旭川医科大学病院,0112,上川中部,,,,0
北海道,旭川赤十字病院,1,matched,normalized_exact,ksj_p04,automatic,care,旭川赤十字病院,0112,上川中部,142.3481869,43.76962348,,0
北海道,札幌医科大学,6,matched,crosswalk,iryojoho_hospital,university_hospital,care,札幌医科大学附属病院,0104,札幌,,,,0
北海道,札幌平岡病院,1,matched,normalized_exact,ksj_p04,automatic,care,医療法人札幌平岡病院,0104,札幌,141.4475703,43.00066226,,0
北海道,札幌徳洲会病院,2,matched,normalized_suffix,iryojoho_hospital,automatic,care,医療法人徳洲会札幌徳洲会病院,0104,札幌,141.448229,43.028943,,0
北海道,東雁来すこやかクリニック,1,matched,normalized_suffix,ksj_p04,automatic,care,医療法人社団豊生会　東雁来すこやかクリニック,0104,札幌,141.42520060034298,43.098709533418976,,0
北海道,済生会西小樽病院みどりの里,1,unmatched,,,automatic,,,,,,,no_name_match,0
北海道,滝川市立病院,1,matched,normalized_exact,iryojoho_hospital,automatic,care,滝川市立病院,0107,中空知,141.910694,43.558727,,0
北海道,独立行政法人国立病院機構 旭川医療センター,1,matched,normalized_exact,ksj_p04,automatic,care,独立行政法人国立病院機構旭川医療センター,0112,上川中部,142.3819519,43.79853305,,0
北海道,独立行政法人地域医療機能推進機構 北海道病院,1,matched,normalized_exact,iryojoho_hospital,automatic,care,独立行政法人地域医療機能推進機構　北海道病院,0104,札幌,141.355793,43.025469,,0
北海道,社会福祉法人函館厚生院 函館五稜郭病院,1,matched,normalized_suffix,ksj_p04,automatic,care,函館五稜郭病院,0101,南渡島,140.755523,41.7924566,,0
北海道,美幌町立国民健康保険病院,1,matched,normalized_exact,ksj_p04,automatic,care,美幌町立国民健康保険病院,0117,北網,144.105905,43.83264652,,0
北海道,道東勤医協ねむろ医院,1,matched,normalized_exact,iryojoho_clinic,automatic,care,道東勤医協ねむろ医院,0121,根室,145.596399,43.33176,,0
北海道,重症心身障害児(者)施設 北海道療育園,1,matched,normalized_suffix,ksj_p04,automatic,care,北海道療育園,0112,上川中部,142.3709427,43.82944805,,0
青森県,平井内科医院,1,matched,normalized_exact,ksj_p04,automatic,care,平井内科医院,0203,青森地域,140.76094814066929,40.817364724002765,,0
青森県,弘前大学,3,matched,crosswalk,iryojoho_hospital,university_hospital,care,弘前大学医学部附属病院,0201,津軽地域,,,,0
青森県,弘前市立病院,1,matched,normalized_exact,ksj_p04,automatic,care,弘前市立病院,0201,津軽地域,140.47850471495633,40.59700837355514,,0
青森県,青森県立中央病院,1,matched,normalized_exact,iryojoho_hospital,automatic,care,青森県立中央病院,0203,青森地域,140.794385,40.829805,,0
青森県,青森県立保健大学,1,unassignable,crosswalk,crosswalk,non_care_workplace,non_care,,,,,,no_location_for_non_care,0
青森県,駅前クリニック,1,matched,normalized_exact,ksj_p04,automatic,care,駅前クリニック,0204,西北五地域,140.44646136033074,40.80914976507218,,0
岩手県,岩手医科大学,3,matched,crosswalk,iryojoho_hospital,university_hospital,care,岩手医科大学附属病院,0301,盛岡,,,,0
岩手県,盛岡つなぎ温泉病院,1,matched,normalized_exact,iryojoho_hospital,automatic,care,特定医療法人盛岡つなぎ温泉病院,0301,盛岡,141.024204,39.689069,,0
宮城県,IMS Me-Lifeクリニック仙台,1,matched,normalized_suffix,iryojoho_clinic,automatic,care,医療法人　財団明理会　ＩＭＳ　Ｍｅ－Ｌｉｆｅ　クリニック　仙台,0403,仙台,140.88363,38.26056,,0
宮城県,おのだクリニック,1,matched,normalized_exact,iryojoho_clinic,automatic,care,おのだクリニック,0406,大崎・栗原,140.786758,38.574104,,0
宮城県,かくだ耳鼻咽喉科クリニック,1,matched,normalized_exact,ksj_p04,automatic,care,かくだ耳鼻咽喉科クリニック,0401,仙南,140.77941740702937,37.97210937179884,,0
宮城県,やまと在宅診療所あゆみ仙台,1,unmatched,,,automatic,,,,,,,no_name_match,0
宮城県,仙台エコー医療養育センター,1,unmatched,,,automatic,,,,,,,no_name_match,0
宮城県,仙台厚生病院,1,matched,normalized_exact,iryojoho_hospital,automatic,care,仙台厚生病院,0403,仙台,140.870083,38.276104,,0
宮城県,仙台市立病院,1,matched,normalized_exact,iryojoho_hospital,automatic,care,仙台市立病院,0403,仙台,140.888184,38.231919,,0
宮城県,公益財団法人宮城県結核予防会,1,unmatched,,,automatic,,,,,,,no_name_match,0
宮城県,坂総合病院,4,matched,normalized_suffix,iryojoho_hospital,automatic,care,公益財団法人宮城厚生協会坂総合病院,0403,仙台,141.015531,38.306587,,0
宮城県,東北医科薬科大学病院,4,matched,normalized_exact,iryojoho_hospital,automatic,care,東北医科薬科大学病院,0403,仙台,140.966892,38.269441,,0
宮城県,東北大学,10,matched,crosswalk,iryojoho_hospital,university_hospital,care,東北大学病院,0403,仙台,,,,0
宮城県,栗原市立栗原中央病院,2,matched,normalized_exact,iryojoho_hospital,automatic,care,栗原市立栗原中央病院,0406,大崎・栗原,141.020439,38.746484,,0
宮城県,泉整形外科病院,1,matched,normalized_exact,iryojoho_hospital,automatic,care,医療法人　泉整形外科病院,0403,仙台,140.867752,38.311913,,0
宮城県,独立行政法人国立病院機構 仙台医療センター,3,matched,normalized_exact,iryojoho_hospital,automatic,care,独立行政法人国立病院機構仙台医療センター,0403,仙台,140.905197,38.260803,,0
宮城県,石巻市立病院,1,matched,normalized_exact,iryojoho_hospital,automatic,care,石巻市立病院,0409,石巻・登米・気仙沼,141.301517,38.434947,,0
宮城県,若林保健福祉センター,1,matched,crosswalk,ksj_p04,renamed,non_care,仙台市保健所若林支所,0403,仙台,,,,0
宮城県,金上病院,1,matched,normalized_exact,ksj_p04,automatic,care,金上病院,0401,仙南,140.78603918045255,37.97430692044057,,0
秋田県,あきた内科・呼吸器内科クリニック,1,matched,normalized_exact,iryojoho_clinic,automatic,care,あきた内科・呼吸器内科クリニック,0504,秋田周辺,140.134824,39.714802,,0
秋田県,医療法人光智会 西大館病院,1,matched,normalized_exact,ksj_p04,automatic,care,医療法人　光智会　西大館病院,0501,大館・鹿角,140.47521582615562,40.279366071153895,,0
秋田県,大館市立総合病院,1,matched,normalized_exact,iryojoho_hospital,automatic,care,大館市立総合病院,0501,大館・鹿角,140.555208,40.273166,,0
秋田県,市立秋田総合病院,1,matched,normalized_exact,iryojoho_hospital,automatic,care,市立秋田総合病院,0504,秋田周辺,140.103463,39.711953,,0
秋田県,杉山病院,1,unmatched,,,automatic,,,,,,,no_name_match,0
秋田県,白根病院,1,unmatched,,,automatic,,,,,,,no_name_match,0
秋田県,秋田厚生医療センター,1,matched,normalized_suffix,iryojoho_hospital,automatic,care,秋田県厚生農業協同組合連合会　秋田厚生医療センター,0504,秋田周辺,140.092936,39.767739,,0
秋田県,秋田大学,4,matched,crosswalk,iryojoho_hospital,university_hospital,care,秋田大学医学部附属病院,0504,秋田周辺,,,,0
秋田県,秋田赤十字病院,1,matched,normalized_exact,iryojoho_hospital,automatic,care,秋田赤十字病院,0504,秋田周辺,140.153046,39.686972,,0
秋田県,羽後長野駅前内科,1,matched,normalized_exact,iryojoho_clinic,automatic,care,羽後長野駅前内科,0506,大仙・仙北,140.538355,39.544799,,0
秋田県,藤原記念病院,1,matched,normalized_suffix,iryojoho_hospital,automatic,care,医療法人　敬徳会　藤原記念病院,0504,秋田周辺,139.996717,39.880449,,0
山形県,医療法人アイリス,1,unmatched,,,automatic,,,,,,,no_name_match,0
山形県,山形大学,1,matched,crosswalk,iryojoho_hospital,university_hospital,care,国立大学法人山形大学医学部附属病院,0601,村山,,,,0
山形県,山形市立病院 済生館,1,matched,normalized_exact,iryojoho_hospital,automatic,care,山形市立病院済生館,0601,村山,140.337471,38.252584,,0
山形県,山形県立中央病院,3,matched,normalized_exact,iryojoho_hospital,automatic,care,山形県立中央病院,0601,村山,140.34612,38.300115,,0
山形県,済生会山形済生病院,1,matched,normalized_exact,iryojoho_hospital,automatic,care,社会福祉法人恩賜財団済生会山形済生病院,0601,村山,140.334949,38.28513,,0
福島県,いわき市医療センター,1,matched,normalized_exact,iryojoho_hospital,automatic,care,いわき市医療センタ―,0707,いわき,140.867756,37.040881,,0
福島県,会津西病院,1,matched,normalized_suffix,iryojoho_hospital,automatic,care,医療法人　明精会　会津西病院,0708,会津・南会津,139.889706,37.472911,,0
福島県,医療法人 長沼クリニック,1,matched,normalized_exact,iryojoho_clinic,automatic,care,医療法人　長沼クリニック,0702,県中,140.214389,37.292433,,0
福島県,医療法人社団三愛会 池田記念病院,1,matched,normalized_exact,iryojoho_hospital,automatic,care,医療法人三愛会　池田記念病院,0702,県中,140.357983,37.305228,,0
福島県,医療法人英徳会 さかい小児科クリニック,1,matched,normalized_exact,iryojoho_clinic,automatic,care,医療法人　英徳会　さかい小児科クリニック,0702,県中,140.364964,37.425594,,0
福島県,坪井病院,1,unmatched,,,automatic,,,,,,,no_name_match,0
福島県,大原綜合病院,1,matched,normalized_suffix,iryojoho_hospital,automatic,care,一般財団法人大原記念財団　大原綜合病院,0701,県北,140.468453,37.753306,,0
福島県,太田西ノ内病院,1,matched,normalized_suffix,iryojoho_hospital,automatic,care,一般財団法人太田綜合病院附属太田西ノ内病院,0702,県中,140.366042,37.406567,,0
福島県,星総合病院,1,matched,normalized_exact,iryojoho_hospital,automatic,care,公益財団法人　星総合病院,0702,県中,140.393286,37.4018,,0
福島県,福島県立医科大学,6,matched,crosswalk,iryojoho_hospital,university_hospital,care,公立大学法人　福島県立医科大学附属病院,0701,県北,,,,0
福島県,福島県総合療育センター,1,matched,normalized_exact,iryojoho_hospital,automatic,care,福島県総合療育センター,0702,県中,140.346158,37.428936,,0
福島県,都小児科医院,1,matched,normalized_exact,iryojoho_clinic,automatic,care,都小児科医院,0701,県北,140.4419,37.761381,,0
茨城県,医療法人三真会 原田医院,1,unmatched,,,automatic,,,,,,,no_name_match,0
茨城県,日立総合病院,1,matched,normalized_suffix,iryojoho_hospital,automatic,care,株式会社日立製作所日立総合病院,0802,日立,140.644868,36.590381,,0
茨城県,牛久愛和総合病院,1,matched,normalized_suffix,iryojoho_hospital,automatic,care,医療法人社団常仁会牛久愛和総合病院,0807,取手・竜ヶ崎,140.142669,35.998577,,0
茨城県,筑波メディカルセンター病院,2,matched,normalized_suffix,iryojoho_hospital,automatic,care,公益財団法人　筑波メディカルセンター　筑波メディカルセンター病院,0806,つくば,140.109444,36.088889,,0
茨城県,筑波大学,4,matched,crosswalk,iryojoho_hospital,university_hospital,care,筑波大学附属病院,0806,つくば,,,,0
栃木県,さつきホームクリニック,1,matched,normalized_exact,iryojoho_clinic,automatic,care,さつきホームクリニック,0903,宇都宮,139.873138,36.54966,,0
栃木県,佐野厚生総合病院,1,matched,normalized_exact,ksj_p04,automatic,care,佐野厚生総合病院,0906,両毛,139.57347829603773,36.32509568210729,,0
栃木県,国際医療福祉大学病院,1,matched,normalized_exact,ksj_p04,automatic,care,国際医療福祉大学病院,0901,県北,139.97130775112112,36.911277509946196,,0
栃木県,坂本内科クリニック,1,unmatched,,,automatic,,,,,,,no_name_match,0
栃木県,新小山市民病院,1,matched,normalized_exact,iryojoho_hospital,automatic,care,新小山市民病院,0905,県南,139.800064,36.275496,,0
栃木県,杏林会 今井病院,1,unmatched,,,automatic,,,,,,,no_name_match,0
栃木県,栃木県済生会宇都宮病院,1,matched,normalized_exact,iryojoho_hospital,automatic,care,栃木県済生会宇都宮病院,0903,宇都宮,139.897351,36.579108,,0
栃木県,独立行政法人国立病院機構 栃木医療センター,2,matched,normalized_exact,ksj_p04,automatic,care,独立行政法人国立病院機構栃木医療センター,0903,宇都宮,139.86601269847975,36.58021176271799,,0
栃木県,獨協医科大学,2,matched,crosswalk,ksj_p04,university_hospital,care,獨協医科大学病院,0905,県南,,,,0
栃木県,自治医科大学,5,matched,crosswalk,ksj_p04,university_hospital,care,自治医科大学附属病院,0905,県南,,,,0
栃木県,芳賀赤十字病院,2,matched,normalized_exact,ksj_p04,automatic,care,芳賀赤十字病院,0904,県東,140.011907,36.451646,,0
栃木県,那須赤十字病院,1,matched,normalized_exact,iryojoho_hospital,automatic,care,那須赤十字病院,0901,県北,140.037441,36.881687,,0
群馬県,前橋城南病院,1,matched,normalized_suffix,iryojoho_hospital,automatic,care,（医社）敬寿会前橋城南病院,1001,前橋,139.14505,36.391314,,0
群馬県,前橋赤十字病院,3,matched,normalized_exact,iryojoho_hospital,automatic,care,前橋赤十字病院,1001,前橋,139.094574,36.358528,,0
群馬県,川島内科クリニック,1,matched,normalized_exact,iryojoho_clinic,automatic,care,川島内科クリニック,1002,渋川,139.001583,36.492826,,0
群馬県,施設掲載なし,1,unassignable,crosswalk,crosswalk,unassignable,,,,,,,,0
群馬県,桐生厚生総合病院,1,matched,normalized_exact,iryojoho_hospital,automatic,care,桐生厚生総合病院,1009,桐生,139.327488,36.405576,,0
群馬県,群馬大学,3,matched,crosswalk,iryojoho_hospital,university_hospital,care,群馬大学医学部附属病院,1001,前橋,,,,0
群馬県,群馬県立がんセンター,1,matched,normalized_exact,iryojoho_hospital,automatic,care,群馬県立がんセンター,1010,太田・館林,139.364834,36.257009,,0
群馬県,群馬県立小児総合医療センター,1,unmatched,,,automatic,,,,,,,no_name_match,0
埼玉県,TMGあさか医療センター,1,matched,normalized_suffix,iryojoho_hospital,automatic,care,医療法人社団武蔵野会　ＴＭＧあさか医療センター,1102,南西部,139.59323,35.811419,,0
埼玉県,あずさクリニック,1,unmatched,,,automatic,,,,,,,no_name_match,0
埼玉県,かくたクリニック,1,matched,normalized_exact,iryojoho_clinic,automatic,care,かくたクリニック,1109,北部,139.42132,36.133937,,0
埼玉県,さいたま市立病院,2,matched,normalized_exact,iryojoho_hospital,automatic,care,さいたま市立病院,1104,さいたま,139.679599,35.890379,,0
埼玉県,さいたま赤十字病院,3,matched,normalized_exact,iryojoho_hospital,automatic,care,さいたま赤十字病院,1104,さいたま,139.631453,35.891803,,0
埼玉県,さとむら内科クリニック,1,matched,normalized_exact,iryojoho_clinic,automatic,care,さとむら内科クリニック,1104,さいたま,139.658194,35.847949,,0
埼玉県,はらこどもクリニック,1,matched,normalized_suffix,iryojoho_clinic,automatic,care,医療法人社団皆誠会はらこどもクリニック,1107,西部,139.435742,35.806731,,0
埼玉県,ひまわりこどもクリニック,1,matched,normalized_exact,iryojoho_clinic,automatic,care,ひまわりこどもクリニック,1105,県央,139.521699,36.048403,,0
埼玉県,イムス三芳総合病院,1,matched,normalized_suffix,iryojoho_hospital,automatic,care,医療法人社団明芳会　イムス三芳総合病院,1102,南西部,139.525211,35.833465,,0
埼玉県,三郷中央総合病院,1,matched,normalized_suffix,iryojoho_hospital,automatic,care,医療法人社団愛友会　三郷中央総合病院,1103,東部,139.879265,35.830311,,0
埼玉県,介護老人保健施設 うらら,1,unmatched,,,automatic,,,,,,,no_name_match,0
埼玉県,介護老人保健施設 雪見野ケアセンター,1,unmatched,,,automatic,,,,,,,no_name_match,0
埼玉県,佐藤医院,1,unmatched,,,automatic,,,,,,,multiple_candidates_in_pref,0
埼玉県,医療法人 栄寿会林病院,2,matched,normalized_exact,iryojoho_hospital,automatic,care,医療法人栄寿会　林病院,1104,さいたま,139.634368,35.86042,,0
埼玉県,医療法人栄仁会 みらいﾒﾃﾞｨｶﾙｸﾘﾆｯｸ川口中央,1,matched,normalized_exact,iryojoho_clinic,automatic,care,医療法人　栄仁会　みらいメディカルクリニック川口中央,1101,南部,139.721869,35.849988,,0
埼玉県,医療法人社団尚篤会 赤心堂総合健診クリニック,1,matched,normalized_exact,ksj_p04,automatic,care,社会医療法人社団尚篤会赤心堂総合健診クリニック,1106,川越比企,139.47994215425376,35.90757394167184,,0
埼玉県,医療法人社団愛友会 上尾中央総合病院,2,matched,normalized_exact,iryojoho_hospital,automatic,care,医療法人社団愛友会上尾中央総合病院,1105,県央,139.585567,35.974432,,0
埼玉県,吉川美南の内科と整形外科,1,unmatched,,,automatic,,,,,,,no_name_match,0
埼玉県,国立病院機構東埼玉病院,1,matched,normalized_exact,iryojoho_hospital,automatic,care,独立行政法人　国立病院機構　東埼玉病院,1108,利根,139.676669,35.996631,,0
埼玉県,埼玉医科大学,6,matched,crosswalk,iryojoho_hospital,university_hospital,care,埼玉医科大学病院,1106,川越比企,,,,0
埼玉県,埼玉医科大学国際医療センター,2,matched,normalized_exact,iryojoho_hospital,automatic,care,埼玉医科大学国際医療センター,1106,川越比企,139.322416,35.921541,,0
埼玉県,埼玉医科大学総合医療センター,8,matched,normalized_exact,iryojoho_hospital,automatic,care,埼玉医科大学総合医療センター,1106,川越比企,139.519613,35.934607,,0
埼玉県,埼玉杉戸診療所,1,matched,normalized_suffix,iryojoho_clinic,automatic,care,医療法人社団廣和会　埼玉杉戸診療所,1108,利根,139.757808,36.006112,,0
埼玉県,埼玉県立がんセンター,1,matched,normalized_exact,iryojoho_hospital,automatic,care,埼玉県立がんセンター,1105,県央,139.617913,35.984362,,0
埼玉県,埼玉石心会病院,1,matched,normalized_suffix,iryojoho_hospital,automatic,care,社会医療法人財団石心会　埼玉石心会病院,1107,西部,139.4106,35.863302,,0
埼玉県,好生会こまくさ診療所,1,matched,normalized_suffix,iryojoho_clinic,automatic,care,こまくさ診療所,1104,さいたま,139.63724,35.863906,,0
埼玉県,小児科竹田クリニック,1,matched,normalized_exact,iryojoho_clinic,automatic,care,小児科竹田クリニック,1104,さいたま,139.688789,35.954947,,0
埼玉県,山岸内科クリニック,1,matched,normalized_exact,iryojoho_clinic,automatic,care,山岸内科クリニック,1107,西部,139.387142,35.832416,,0
埼玉県,戸田市福祉保健センター,1,unmatched,,,automatic,,,,,,,no_name_match,0
埼玉県,戸田市立市民医療センター,1,matched,normalized_exact,iryojoho_clinic,automatic,care,戸田市立市民医療センター,1101,南部,139.645855,35.821285,,0
埼玉県,所沢リハビリテーション病院,1,matched,normalized_exact,iryojoho_hospital,automatic,care,所沢リハビリテーション病院,1107,西部,139.481535,35.82634,,0
埼玉県,所沢美原総合病院,1,matched,normalized_exact,iryojoho_hospital,automatic,care,所沢美原総合病院,1107,西部,139.461193,35.810811,,0
埼玉県,新座病院,1,unmatched,,,automatic,,,,,,,no_name_match,0
埼玉県,施設掲載なし,1,unassignable,crosswalk,crosswalk,unassignable,,,,,,,,0
埼玉県,森田クリニック,1,unmatched,,,automatic,,,,,,,multiple_candidates_in_pref,0
埼玉県,深谷赤十字病院,1,matched,normalized_exact,iryojoho_hospital,automatic,care,深谷赤十字病院,1109,北部,139.294964,36.183357,,0
埼玉県,済生会川口総合病院,1,matched,normalized_suffix,iryojoho_hospital,automatic,care,社会福祉法人恩賜財団済生会支部埼玉県済生会川口総合病院,1101,南部,139.703203,35.809599,,0
埼玉県,獨協医科大学埼玉医療センター,4,matched,normalized_exact,iryojoho_hospital,automatic,care,獨協医科大学埼玉医療センター,1103,東部,139.789871,35.878748,,0
埼玉県,社会福祉法人埼玉福祉事業協会 杉の子くりにっく,1,matched,normalized_exact,iryojoho_clinic,automatic,care,社会福祉法人埼玉福祉事業協会　杉の子くりにっく,1104,さいたま,139.560764,35.882325,,0
埼玉県,自治医科大学附属さいたま医療センター,6,matched,normalized_exact,iryojoho_hospital,automatic,care,自治医科大学附属さいたま医療センター,1104,さいたま,139.645054,35.906349,,0
埼玉県,若葉こどもクリニック,1,matched,normalized_exact,iryojoho_clinic,automatic,care,若葉こどもクリニック,1106,川越比企,139.406966,35.941249,,0
埼玉県,越谷市立病院,1,matched,normalized_exact,iryojoho_hospital,automatic,care,越谷市立病院,1103,東部,139.805977,35.89803,,0
埼玉県,野火止クリニック,1,matched,normalized_exact,iryojoho_clinic,automatic,care,野火止クリニック,1102,南西部,139.568018,35.79727,,0
埼玉県,防衛医科大学校,5,matched,crosswalk,iryojoho_hospital,university_hospital,care,防衛医科大学校病院,1107,西部,,,,0
埼玉県,飯能中央病院,1,matched,normalized_exact,iryojoho_hospital,automatic,care,飯能中央病院,1107,西部,139.315731,35.851988,,0
埼玉県,騎西クリニック病院,1,matched,normalized_exact,ksj_p04,automatic,care,騎西クリニック病院,1108,利根,139.58434583023796,36.111558928951084,,0
千葉県,いちかわ真間こどもクリニック,1,matched,normalized_exact,iryojoho_clinic,automatic,care,いちかわ真間こどもクリニック,1202,東葛南部,139.911192,35.732627,,0
千葉県,やまが在宅クリニック,1,matched,normalized_exact,iryojoho_clinic,automatic,care,やまが在宅クリニック,1202,東葛南部,139.908312,35.732158,,0
千葉県,サンサンこどもクリニック,1,matched,normalized_suffix,iryojoho_clinic,automatic,care,医療法人社団　おひさまの会　サンサンこどもクリニック,1202,東葛南部,139.926553,35.719412,,0
千葉県,ベイフロントクリニック南船橋,1,unmatched,,,automatic,,,,,,,no_name_match,0
千葉県,中田小児科クリニック,1,matched,normalized_exact,ksj_p04,automatic,care,中田小児科クリニック,1205,香取海匝,140.6633358177319,35.72613347097242,,0
千葉県,亀田総合病院,9,matched,normalized_suffix,iryojoho_hospital,automatic,care,医療法人鉄蕉会　亀田総合病院,1207,安房,140.125916,35.121894,,0
千葉県,勝又内科医院,1,matched,normalized_exact,iryojoho_clinic,automatic,care,勝又内科医院,1201,千葉,140.101608,35.650092,,0
千葉県,医療法人弘仁会 板倉病院,1,matched,normalized_exact,iryojoho_hospital,automatic,care,医療法人弘仁会　板倉病院,1202,東葛南部,139.982496,35.697546,,0
千葉県,医療法人恵翔会 岩田こどもクリニック,1,matched,normalized_exact,iryojoho_clinic,automatic,care,医療法人社団恵翔会　岩田こどもクリニック,1201,千葉,140.044168,35.668459,,0
千葉県,医療法人社団七風会 すずきこどもクリニック,1,matched,normalized_exact,iryojoho_clinic,automatic,care,医療法人社団七風会すずきこどもクリニック,1204,印旛,140.333624,35.736021,,0
千葉県,医療法人社団慈優会 九十九里病院,1,matched,normalized_exact,iryojoho_hospital,automatic,care,医療法人社団慈優会　九十九里病院,1206,山武長生夷隅,140.437319,35.533883,,0
千葉県,千葉労災病院,1,matched,normalized_suffix,iryojoho_hospital,automatic,care,独立行政法人労働者健康安全機構　千葉労災病院,1209,市原,140.158229,35.521896,,0
千葉県,千葉大学,12,matched,crosswalk,iryojoho_hospital,university_hospital,care,千葉大学医学部附属病院,1201,千葉,,,,0
千葉県,千葉市立海浜病院,1,matched,normalized_exact,iryojoho_hospital,automatic,care,千葉市立海浜病院,1201,千葉,140.051516,35.628024,,0
千葉県,千葉市立青葉病院,2,matched,normalized_exact,iryojoho_hospital,automatic,care,千葉市立青葉病院,1201,千葉,140.138891,35.601237,,0
千葉県,千葉県こども病院,3,matched,normalized_exact,iryojoho_hospital,automatic,care,千葉県こども病院,1201,千葉,140.190286,35.558106,,0
千葉県,千葉県済生会習志野病院,1,matched,normalized_suffix,iryojoho_hospital,automatic,care,社会福祉法人恩賜財団済生会　千葉県済生会習志野病院,1202,東葛南部,140.046983,35.693239,,0
千葉県,千葉西総合病院,1,matched,normalized_suffix,iryojoho_hospital,automatic,care,医療法人　徳洲会　千葉西総合病院,1203,東葛北部,139.945122,35.804576,,0
千葉県,南流山こどもクリニック,1,matched,normalized_exact,iryojoho_clinic,automatic,care,南流山こどもクリニック,1203,東葛北部,139.898639,35.832347,,0
千葉県,和洋女子大学,1,unassignable,crosswalk,crosswalk,non_care_workplace,non_care,,,,,,no_location_for_non_care,0
千葉県,国立がん研究センター東病院,1,matched,normalized_exact,iryojoho_hospital,automatic,care,国立研究開発法人　国立がん研究センター東病院,1203,東葛北部,139.941526,35.901163,,0
千葉県,国立国府台医療センター,2,unmatched,,,automatic,,,,,,,no_name_match,0
千葉県,国際医療福祉大学,6,matched,crosswalk,iryojoho_hospital,university_hospital,care,国際医療福祉大学成田病院,1204,印旛,,,,0
千葉県,国際医療福祉大学市川総合病院,1,matched,crosswalk,iryojoho_hospital,renamed,care,国際医療福祉大学市川病院,1202,東葛南部,,,,0
千葉県,安房地域医療センター,1,matched,normalized_suffix,iryojoho_hospital,automatic,care,社会福祉法人太陽会　安房地域医療センター,1207,安房,139.891725,34.999994,,0
千葉県,小松こどもクリニック,1,matched,normalized_exact,iryojoho_clinic,automatic,care,小松こどもクリニック,1202,東葛南部,140.067407,35.735613,,0
千葉県,山之内病院,1,matched,normalized_suffix,iryojoho_hospital,automatic,care,医療法人社団上総会　山之内病院,1206,山武長生夷隅,140.305543,35.426339,,0
千葉県,帝京大学ちば総合医療センター,1,matched,normalized_exact,iryojoho_hospital,automatic,care,帝京大学ちば総合医療センター,1209,市原,140.062795,35.466203,,0
千葉県,新松戸中央総合病院,2,matched,normalized_suffix,iryojoho_hospital,automatic,care,医療法人財団明理会　新松戸中央総合病院,1203,東葛北部,139.921213,35.828609,,0
千葉県,施設掲載なし,2,unassignable,crosswalk,crosswalk,unassignable,,,,,,,,0
千葉県,日本医科大学千葉北総病院,1,matched,normalized_exact,iryojoho_hospital,automatic,care,日本医科大学千葉北総病院,1204,印旛,140.198169,35.781158,,0
千葉県,日本赤十字社 成田赤十字病院,4,matched,normalized_suffix,iryojoho_hospital,automatic,care,成田赤十字病院,1204,印旛,140.303181,35.765039,,0
千葉県,東京ビジネスクリニック ペリエ千葉エキナカ,1,matched,normalized_exact,iryojoho_clinic,automatic,care,東京ビジネスクリニック　ペリエ千葉エキナカ,1201,千葉,140.11372,35.612885,,0
千葉県,東京ベイ・浦安市川医療センター,1,matched,normalized_exact,iryojoho_hospital,automatic,care,東京ベイ・浦安市川医療センター,1202,東葛南部,139.893641,35.67142,,0
千葉県,東京女子医科大学八千代医療センター,1,matched,crosswalk,iryojoho_hospital,university_hospital,care,東京女子医科大学附属八千代医療センター,1202,東葛南部,,,,0
千葉県,東京慈恵会医科大学附属柏病院,5,matched,normalized_exact,iryojoho_hospital,automatic,care,東京慈恵会医科大学附属柏病院,1203,東葛北部,139.98298,35.869803,,0
千葉県,東邦大学医療センター佐倉病院,1,matched,normalized_exact,iryojoho_hospital,automatic,care,東邦大学医療センター佐倉病院,1204,印旛,140.168136,35.717145,,0
千葉県,松戸市立総合医療センター,2,matched,normalized_exact,iryojoho_hospital,automatic,care,松戸市立総合医療センター,1203,東葛北部,139.932851,35.802854,,0
千葉県,柏たなか病院,1,matched,normalized_suffix,iryojoho_hospital,automatic,care,医療法人社団葵会　柏たなか病院,1203,東葛北部,139.955619,35.911009,,0
千葉県,永田小児科医院,1,matched,normalized_exact,iryojoho_clinic,automatic,care,永田小児科医院,1203,東葛北部,139.988544,35.800296,,0
千葉県,沖縄徳洲会鎌ヶ谷総合病院,1,unmatched,,,automatic,,,,,,,no_name_match,0
千葉県,玄々堂君津病院,1,matched,normalized_suffix,iryojoho_hospital,automatic,care,医療法人新都市医療研究会「君津」会　玄々堂君津病院,1208,君津,139.89649,35.336206,,0
千葉県,若杉こどもクリニック,1,matched,normalized_suffix,ksj_p04,automatic,care,医療法人社団童心会　若杉こどもクリニック,1201,千葉,140.13219873855402,35.59065175301897,,0
千葉県,藤森小児科,1,matched,normalized_suffix,iryojoho_clinic,automatic,care,医療法人社団誠徳会　藤森小児科,1201,千葉,140.090971,35.689546,,0
千葉県,順天堂大学医学部附属浦安病院,1,matched,normalized_exact,iryojoho_hospital,automatic,care,順天堂大学医学部附属浦安病院,1202,東葛南部,139.907136,35.645981,,0
東京都,Beigene Japan合同会社,1,unassignable,crosswalk,crosswalk,non_care_workplace,non_care,,,,,,no_location_for_non_care,0
東京都,CSLベーリング株式会社,1,unassignable,crosswalk,crosswalk,non_care_workplace,non_care,,,,,,no_location_for_non_care,0
東京都,KARADA内科クリニック,2,matched,normalized_exact,iryojoho_clinic,automatic,care,ＫＡＲＡＤＡ内科クリニック,1302,区南部,139.722686,35.625732,,0
東京都,KARADA内科クリニック渋谷,1,matched,normalized_exact,iryojoho_clinic,automatic,care,ＫＡＲＡＤＡ内科クリニック渋谷,1303,区西南部,139.700991,35.660172,,0
東京都,NTT東日本関東病院,1,matched,normalized_exact,iryojoho_hospital,automatic,care,ＮＴＴ東日本関東病院,1302,区南部,139.725574,35.630843,,0
東京都,あらい内科クリニック板橋仲宿,1,matched,normalized_exact,iryojoho_clinic,automatic,care,あらい内科クリニック板橋仲宿,1305,区西北部,139.710236,35.752329,,0
東京都,おうちにかえろう。病院,1,matched,normalized_exact,iryojoho_hospital,automatic,care,おうちにかえろう病院,1305,区西北部,139.696098,35.768716,,0
東京都,おおぞら太陽クリニック,1,matched,normalized_exact,iryojoho_clinic,automatic,care,おおぞら太陽クリニック,1307,区東部,139.835424,35.680423,,0
東京都,かわいクリニック,1,matched,normalized_suffix,iryojoho_clinic,automatic,care,医療法人社団祥誠会　かわいクリニック,1302,区南部,139.70944,35.562961,,0
東京都,がん・感染症センター 都立駒込病院,8,unmatched,,,automatic,,,,,,,no_name_match,0
東京都,こどもとおとなのクリニック パウルーム,1,matched,normalized_suffix,iryojoho_clinic,automatic,care,医療法人社団嗣業の会　こどもとおとなのクリニック　パウルーム,1301,区中央部,139.716386,35.670051,,0
東京都,しずく内科クリニック東池袋,1,matched,normalized_exact,iryojoho_clinic,automatic,care,しずく内科クリニック東池袋,1305,区西北部,139.720292,35.725666,,0
東京都,しらかば診療所,1,matched,normalized_exact,ksj_p04,automatic,care,しらかば診療所,1304,区西部,139.72125690918747,35.693800985391064,,0
東京都,すずきこどもクリニック,1,unmatched,,,automatic,,,,,,,multiple_candidates_in_pref,0
東京都,はせがわ こども・ファミリークリニック,1,matched,normalized_suffix,iryojoho_clinic,automatic,care,医療法人社団裕恵会　はせがわ　こども・ファミリークリニック,1306,区東北部,139.80634,35.746915,,0
東京都,まちだ丘の上病院,1,matched,normalized_suffix,iryojoho_hospital,automatic,care,一般財団法人ひふみ会　まちだ丘の上病院,1309,南多摩,139.435072,35.59112,,0
東京都,みなみ野こどもクリニック,1,matched,normalized_exact,iryojoho_clinic,automatic,care,みなみ野こどもクリニック,1309,南多摩,139.329024,35.634085,,0
東京都,むらい浜田山クリニック,1,matched,normalized_exact,iryojoho_clinic,automatic,care,むらい浜田山クリニック,1304,区西部,139.623691,35.68739,,0
東京都,りらホームクリニック,1,matched,normalized_exact,iryojoho_clinic,automatic,care,りらホームクリニック,1309,南多摩,139.474544,35.524461,,0
東京都,アストラゼネカ株式会社,1,unassignable,crosswalk,crosswalk,non_care_workplace,non_care,,,,,,no_location_for_non_care,0
東京都,イムスリハビリテーションセンター東京葛飾病院,1,matched,normalized_suffix,iryojoho_hospital,automatic,care,医療法人社団明芳会　イムスリハビリテーションセンター東京葛飾病院,1306,区東北部,139.831866,35.744916,,0
東京都,グローバルヘルスケアクリニック,1,matched,normalized_exact,iryojoho_clinic,automatic,care,グローバルヘルスケアクリニック,1301,区中央部,139.738793,35.685809,,0
東京都,ファイザー株式会社,1,matched,crosswalk,iryojoho_clinic,non_care_workplace,non_care,ファイザー株式会社ウェルネスセンター,1303,区西南部,,,,0
東京都,ホームアレークリニック城南,1,matched,normalized_suffix,iryojoho_clinic,automatic,care,医療法人社団ホームアレー　ホームアレークリニック城南,1303,区西南部,139.679551,35.606095,,0
東京都,一橋病院,1,unmatched,,,automatic,,,,,,,no_name_match,0
東京都,一般財団法人松翁会 松翁会診療所,1,unmatched,,,automatic,,,,,,,no_name_match,0
東京都,三菱UFJ銀行,1,matched,crosswalk,ksj_p04,non_care_workplace,non_care,三菱ＵＦＪ銀行健康センター（本館）,1301,区中央部,,,,0
東京都,世田谷区保健センター,1,matched,normalized_exact,iryojoho_clinic,automatic,care,公益財団法人　世田谷区保健センター,1303,区西南部,139.650912,35.657922,,0
東京都,井口腎泌尿器科 亀有,1,matched,normalized_suffix,iryojoho_clinic,automatic,care,医療法人社団光靖会　井口腎泌尿器科　亀有,1306,区東北部,139.847419,35.765775,,0
東京都,信愛病院,1,unmatched,,,automatic,,,,,,,no_name_match,0
東京都,光生会 平川病院,1,matched,normalized_exact,ksj_p04,automatic,care,医療法人社団　光生会　平川病院,1309,南多摩,139.25083654734624,35.68384660845635,,0
東京都,公益財団法人 がん研究会有明病院,4,matched,normalized_exact,iryojoho_hospital,automatic,care,公益財団法人がん研究会　有明病院,1307,区東部,139.795679,35.634705,,0
東京都,公益財団法人 ライフ･エクステンション研究所附属永寿総合病院,1,matched,crosswalk,iryojoho_hospital,research_institute,care,公益財団法人ライフ・エクステンション研究所付属　永寿総合病院,1301,区中央部,,,,0
東京都,公益財団法人東京都保健医療公社荏原病院,1,matched,normalized_exact,ksj_p04,automatic,care,公益財団法人　東京都保健医療公社　荏原病院,1302,区南部,139.69285944321877,35.593741363244376,,0
東京都,公益財団法人東京都医療保健協会 練馬総合病院,1,matched,normalized_exact,iryojoho_hospital,automatic,care,公益財団法人東京都医療保健協会　練馬総合病院,1305,区西北部,139.677046,35.733803,,0
東京都,公益財団法人結核予防会 複十字病院,2,matched,normalized_exact,iryojoho_hospital,automatic,care,公益財団法人結核予防会　複十字病院,1312,北多摩北部,139.51228,35.771602,,1
東京都,公立昭和病院,2,matched,normalized_exact,iryojoho_hospital,automatic,care,公立昭和病院,1312,北多摩北部,139.503004,35.733744,,0
東京都,公立福生病院,1,matched,normalized_exact,iryojoho_hospital,automatic,care,公立福生病院,1308,西多摩,139.326491,35.747184,,0
東京都,内田こどもクリニック,1,matched,normalized_exact,iryojoho_clinic,automatic,care,医療法人社団　内田こどもクリニック,1305,区西北部,139.643908,35.76666,,0
東京都,北里大学北里研究所病院,3,matched,normalized_exact,iryojoho_hospital,automatic,care,北里大学　北里研究所病院,1301,区中央部,139.725546,35.645091,,0
東京都,医療法人五麟会 黒目川診療所,1,matched,normalized_suffix,iryojoho_clinic,automatic,care,黒目川診療所,1312,北多摩北部,139.499449,35.74791,,0
東京都,医療法人社団こころとからだの元氣プラザ,1,matched,normalized_suffix,iryojoho_clinic,automatic,care,医療法人社団こころとからだの元氣プラザ　診療所こころとからだの元氣プラザ,1301,区中央部,139.760568,35.694225,,0
東京都,医療法人社団六瓢会 小原医院,1,matched,normalized_exact,iryojoho_clinic,automatic,care,医療法人社団六瓢会　小原医院,1306,区東北部,139.774176,35.745915,,0
東京都,医療法人社団快芯会 すずき内科,1,matched,normalized_suffix,iryojoho_clinic,automatic,care,すずき内科,1305,区西北部,139.674793,35.787408,,0
東京都,医療法人社団東仁会 吉祥寺あさひ病院,1,matched,normalized_exact,iryojoho_hospital,automatic,care,医療法人社団東仁会　吉祥寺あさひ病院,1311,北多摩南部,139.582749,35.704082,,0
東京都,医療法人社団清令会 阿部医院,1,matched,normalized_exact,iryojoho_clinic,automatic,care,医療法人社団清令会　阿部医院,1303,区西南部,139.683745,35.613649,,0
東京都,医療法人財団慈生会 野村病院,2,matched,normalized_exact,iryojoho_hospital,automatic,care,医療法人財団慈生会　野村病院,1311,北多摩南部,139.568029,35.685084,,0
東京都,医社）千晶会 千晶こどもクリニック,1,matched,normalized_suffix,iryojoho_clinic,automatic,care,医療法人社団千晶会　千晶こどもクリニック,1301,区中央部,139.749707,35.714112,,0
東京都,南青山ひだまりクリニック,1,matched,normalized_exact,iryojoho_clinic,automatic,care,南青山ひだまりクリニック,1301,区中央部,139.715823,35.667672,,0
東京都,博慈会記念総合病院,1,matched,normalized_suffix,iryojoho_hospital,automatic,care,一般財団法人博慈会　博慈会記念総合病院,1306,区東北部,139.749704,35.784827,,0
東京都,厚生中央病院,1,matched,normalized_suffix,iryojoho_hospital,automatic,care,総合病院　厚生中央病院,1303,区西南部,139.712519,35.641536,,0
東京都,厚生労働省,2,matched,crosswalk,crosswalk,non_care_workplace,non_care,,1301,区中央部,,,,0
東京都,原町田診療所,1,matched,normalized_suffix,iryojoho_clinic,automatic,care,医療法人社団多摩医療会　原町田診療所,1309,南多摩,139.452045,35.543153,,0
東京都,右近クリニック,1,unmatched,,,automatic,,,,,,,no_name_match,0
東京都,和田小児科医院,1,matched,normalized_exact,iryojoho_clinic,automatic,care,和田小児科医院,1306,区東北部,139.801254,35.802603,,0
東京都,国家公務員共済組合連合会立川病院,1,matched,normalized_exact,iryojoho_hospital,automatic,care,国家公務員共済組合連合会　立川病院,1310,北多摩西部,139.422124,35.692664,,0
東京都,国立がん研究センター中央病院,3,matched,normalized_exact,iryojoho_hospital,automatic,care,国立研究開発法人国立がん研究センター中央病院,1301,区中央部,139.767791,35.66609,,0
東京都,国立健康危機管理研究機構,1,unmatched,,,automatic,,,,,,,no_name_match,0
東京都,国立健康危機管理研究機構 国立国際医療センター,31,matched,normalized_exact,iryojoho_hospital,automatic,care,国立健康危機管理研究機構国立国際医療センター,1304,区西部,139.716655,35.702224,,0
東京都,国立健康危機管理研究機構 国立感染症研究所,16,matched,crosswalk,ksj_p04,research_institute,non_care,共助会国立感染症研究所職員診療所,1304,区西部,,,,0
東京都,国立極地研究所,1,matched,crosswalk,iryojoho_clinic,non_care_workplace,non_care,国立極地研究所南極観測センター内診療所,1310,北多摩西部,,,,0
東京都,国立病院機構災害医療センター,1,matched,normalized_exact,iryojoho_hospital,automatic,care,独立行政法人国立病院機構災害医療センター,1310,北多摩西部,139.40943,35.70744,,0
東京都,国立療養所 多磨全生園,1,matched,normalized_exact,ksj_p04,automatic,care,国立療養所多磨全生園,1312,北多摩北部,139.49543845739626,35.76472792969851,,0
東京都,国立研究開発法人 国立成育医療研究センター,5,matched,normalized_exact,iryojoho_hospital,automatic,care,国立研究開発法人国立成育医療研究センター,1303,区西南部,139.612556,35.634007,,0
東京都,大正製薬株式会社,1,matched,crosswalk,ksj_p04,non_care_workplace,non_care,大正製薬株式会社診療所,1305,区西北部,,,,0
東京都,宮下内科医院,1,matched,normalized_exact,iryojoho_clinic,automatic,care,宮下内科医院,1305,区西北部,139.664989,35.780298,,0
東京都,巣鴨ホームクリニック,1,matched,normalized_suffix,ksj_p04,automatic,care,医療法人社団ききょう会　巣鴨ホームクリニック,1305,区西北部,139.74022225479104,35.73246923225755,,0
東京都,市立青梅総合医療センター,1,matched,normalized_exact,iryojoho_hospital,automatic,care,市立青梅総合医療センター,1308,西多摩,139.281104,35.782569,,0
東京都,帝京大学,6,matched,crosswalk,ksj_p04,university_hospital,care,帝京大学医学部附属病院,1305,区西北部,,,,0
東京都,帝京平成大学,1,unassignable,crosswalk,crosswalk,non_care_workplace,non_care,,,,,,no_location_for_non_care,0
東京都,平成立石病院,2,matched,normalized_suffix,iryojoho_hospital,automatic,care,社会医療法人社団正志会　平成立石病院,1306,区東北部,139.842031,35.742305,,0
東京都,慶應義塾大学,13,matched,crosswalk,iryojoho_hospital,university_hospital,care,慶應義塾大学病院,1304,区西部,,,,0
東京都,新宿つるかめクリニック,1,unmatched,,,automatic,,,,,,,multiple_candidates_in_pref,0
東京都,新宿なないろクリニック,1,matched,normalized_suffix,iryojoho_clinic,automatic,care,医療法人社団親豊会　新宿なないろクリニック,1304,区西部,139.701821,35.691192,,0
東京都,新橋南桜パーククリニック,1,unmatched,,,automatic,,,,,,,no_name_match,0
東京都,施設掲載なし,11,unassignable,crosswalk,crosswalk,unassignable,,,,,,,,0
東京都,日本医科大学,4,matched,crosswalk,iryojoho_hospital,university_hospital,care,日本医科大学付属病院,1301,区中央部,,,,0
東京都,日本大学医学部,4,matched,crosswalk,iryojoho_hospital,university_hospital,care,学校法人日本大学　日本大学医学部附属板橋病院,1305,区西北部,,,,0
東京都,日本赤十字社医療センター,2,matched,normalized_exact,iryojoho_hospital,automatic,care,日本赤十字社医療センター,1303,区西南部,139.719046,35.655146,,0
東京都,日比谷クリニック,1,unmatched,,,automatic,,,,,,,multiple_candidates_in_pref,0
東京都,昭和医科大学,4,matched,crosswalk,iryojoho_hospital,renamed,care,昭和大学病院,1302,区南部,,,,0
東京都,昭和医科大学江東豊洲病院,3,matched,normalized_exact,iryojoho_hospital,automatic,care,昭和医科大学江東豊洲病院,1307,区東部,139.796012,35.651092,,0
東京都,晴朗クリニック,1,matched,normalized_suffix,ksj_p04,automatic,care,医療法人社団大晴朗　晴朗クリニック,1311,北多摩南部,139.5768617138978,35.70401678954443,,0
東京都,杏林大学,3,matched,crosswalk,iryojoho_hospital,university_hospital,care,杏林大学医学部付属病院,1311,北多摩南部,,,,0
東京都,東京ミッドタウンクリニック,1,matched,normalized_suffix,iryojoho_clinic,automatic,care,医療法人社団ミッドタウンクリニック　東京ミッドタウンクリニック,1301,区中央部,139.731266,35.666117,,0
東京都,東京北医療センター,1,matched,normalized_suffix,iryojoho_hospital,automatic,care,公益社団法人地域医療振興協会　東京北医療センター,1305,区西北部,139.710902,35.783743,,0
東京都,東京医科大学,16,matched,crosswalk,iryojoho_hospital,university_hospital,care,東京医科大学病院,1304,区西部,,,,0
東京都,東京医科大学八王子医療センター,3,matched,normalized_exact,iryojoho_hospital,automatic,care,東京医科大学八王子医療センター,1309,南多摩,139.28911,35.631474,,0
東京都,東京品川病院,1,matched,normalized_suffix,iryojoho_hospital,automatic,care,社会医療法人社団東京巨樹の会　東京品川病院,1302,区南部,139.73488,35.601679,,0
東京都,東京大学,15,matched,crosswalk,iryojoho_hospital,university_hospital,care,東京大学医学部附属病院,1301,区中央部,,,,0
東京都,東京大学医科学研究所,6,matched,crosswalk,iryojoho_hospital,research_institute,care,東京大学医科学研究所附属病院,1301,区中央部,,,,0
東京都,東京女子医科大学,5,matched,crosswalk,iryojoho_hospital,university_hospital,care,東京女子医科大学病院,1304,区西部,,,,0
東京都,東京慈恵会医科大学,10,matched,crosswalk,iryojoho_hospital,university_hospital,care,東京慈恵会医科大学附属病院,1301,区中央部,,,,0
東京都,東京慈恵会医科大学葛飾医療センター,1,matched,normalized_exact,iryojoho_hospital,automatic,care,東京慈恵会医科大学葛飾医療センター,1306,区東北部,139.858585,35.75186,,0
東京都,東京慈恵会医科大学西部医療センター,3,matched,crosswalk,iryojoho_hospital,renamed,care,東京慈恵会医科大学附属第三病院,1311,北多摩南部,,,,0
東京都,東京曳舟病院,1,matched,normalized_suffix,iryojoho_hospital,automatic,care,医療法人伯鳳会　東京曳舟病院,1307,区東部,139.81684,35.717724,,0
東京都,東京科学大学,11,matched,crosswalk,iryojoho_hospital,university_hospital,care,東京科学大学病院,1301,区中央部,,,,0
東京都,東京蒲田病院,1,matched,normalized_suffix,iryojoho_hospital,automatic,care,医療法人社団森と海東京　東京蒲田病院,1302,区南部,139.711828,35.564322,,0
東京都,東京西徳洲会病院,1,matched,normalized_suffix,iryojoho_hospital,automatic,care,医療法人徳洲会　東京西徳洲会病院,1310,北多摩西部,139.349296,35.71666,,0
東京都,東京逓信病院,2,matched,normalized_exact,iryojoho_hospital,automatic,care,東京逓信病院,1301,区中央部,139.743347,35.697558,,0
東京都,東京都保健医療公社 豊島病院,3,matched,normalized_exact,ksj_p04,automatic,care,公益財団法人　東京都保健医療公社　豊島病院,1305,区西北部,139.70088359291714,35.75256614507886,,0
東京都,東京都健康長寿医療センター,3,matched,normalized_exact,iryojoho_hospital,automatic,care,地方独立行政法人東京都健康長寿医療センター,1305,区西北部,139.703265,35.751496,,0
東京都,東京都済生会中央病院,1,matched,normalized_suffix,iryojoho_hospital,automatic,care,社会福祉法人恩賜財団済生会支部東京都済生会　東京都済生会中央病院,1301,区中央部,139.743822,35.653368,,0
東京都,東京都立墨東病院,6,matched,normalized_suffix,iryojoho_hospital,automatic,care,地方独立行政法人東京都立病院機構　東京都立墨東病院,1307,区東部,139.818452,35.695199,,0
東京都,東京都立多摩総合医療センター,3,matched,normalized_suffix,iryojoho_hospital,automatic,care,地方独立行政法人東京都立病院機構　東京都立多摩総合医療センター,1311,北多摩南部,139.46151,35.692581,,0
東京都,東京都立小児総合医療センター,1,matched,normalized_suffix,iryojoho_hospital,automatic,care,地方独立行政法人東京都立病院機構　東京都立小児総合医療センター,1311,北多摩南部,139.46151,35.692581,,0
東京都,東京都立広尾病院,1,matched,normalized_suffix,iryojoho_hospital,automatic,care,地方独立行政法人東京都立病院機構東京都立広尾病院,1303,区西南部,139.721907,35.646813,,0
東京都,東京都立松沢病院,1,matched,normalized_suffix,iryojoho_hospital,automatic,care,地方独立行政法人東京都立病院機構　東京都立松沢病院,1303,区西南部,139.620026,35.668309,,0
東京都,東新宿おさかなこどもクリニック,1,unmatched,,,automatic,,,,,,,no_name_match,0
東京都,東邦大学,12,matched,crosswalk,iryojoho_hospital,university_hospital,care,東邦大学医療センター大森病院,1302,区南部,,,,0
東京都,東邦大学医療センター大橋病院,1,matched,normalized_exact,iryojoho_hospital,automatic,care,東邦大学医療センター大橋病院,1303,区西南部,139.683771,35.652145,,0
東京都,板橋中央総合病院,1,matched,normalized_suffix,iryojoho_hospital,automatic,care,医療法人社団明芳会　板橋中央総合病院,1305,区西北部,139.697042,35.775632,,0
東京都,柳沢クリニック,1,unmatched,,,automatic,,,,,,,multiple_candidates_in_pref,0
東京都,武田内科小児科クリニック,1,matched,normalized_exact,iryojoho_clinic,automatic,care,医療法人社団　武田内科小児科クリニック,1306,区東北部,139.785175,35.747442,,0
東京都,武蔵野赤十字病院,1,matched,normalized_exact,iryojoho_hospital,automatic,care,武蔵野赤十字病院,1311,北多摩南部,139.54803,35.696083,,0
東京都,江戸川メディケア病院,1,matched,normalized_suffix,iryojoho_hospital,automatic,care,社会福祉法人仁生社　江戸川メディケア病院,1307,区東部,139.88164,35.720169,,0
東京都,江東病院,1,unmatched,,,automatic,,,,,,,no_name_match,0
東京都,淡島こどもクリニック,1,matched,normalized_suffix,iryojoho_clinic,automatic,care,宗教法人　淡島こどもクリニック,1303,区西南部,139.667439,35.656783,,0
東京都,特定医療法人大坪会北多摩病院,1,matched,normalized_exact,iryojoho_hospital,automatic,care,医療法人社団大坪会　北多摩病院,1311,北多摩南部,139.543754,35.659586,,0
東京都,独立行政法人医薬品医療機器総合機構,1,unassignable,crosswalk,crosswalk,non_care_workplace,non_care,,,,,,no_location_for_non_care,0
東京都,独立行政法人国立病院機構 東京医療センター,5,matched,normalized_exact,ksj_p04,automatic,care,独立行政法人　国立病院機構　東京医療センター,1303,区西南部,139.66660207709575,35.62675892968131,,0
東京都,独立行政法人国立病院機構 東京病院,4,matched,normalized_exact,iryojoho_hospital,automatic,care,独立行政法人　国立病院機構東京病院,1312,北多摩北部,139.506086,35.768657,,0
東京都,独立行政法人地域医療機能推進機構 東京山手メディカルセンター,1,matched,normalized_exact,iryojoho_hospital,automatic,care,独立行政法人地域医療機能推進機構　東京山手メディカルセンター,1304,区西部,139.699073,35.704445,,0
東京都,目黒ケイホームクリニック,1,matched,normalized_suffix,iryojoho_clinic,automatic,care,医療法人社団よるり会　目黒ケイホームクリニック,1303,区西南部,139.704131,35.638175,,0
東京都,社会医療法人財団仁医会 牧田総合病院,1,matched,normalized_exact,iryojoho_hospital,automatic,care,社会医療法人財団仁医会　牧田総合病院,1302,区南部,139.713051,35.559822,,0
東京都,社会福祉法人三井記念病院,1,matched,normalized_exact,iryojoho_hospital,automatic,care,社会福祉法人　三井記念病院,1301,区中央部,139.779178,35.699725,,0
東京都,神津小児科医院,1,matched,normalized_exact,iryojoho_clinic,automatic,care,神津小児科医院,1310,北多摩西部,139.43115,35.720717,,0
東京都,秋津療育園,1,matched,normalized_exact,iryojoho_hospital,automatic,care,秋津療育園,1312,北多摩北部,139.495781,35.76974,,0
東京都,秋田医院,1,matched,normalized_exact,ksj_p04,automatic,care,秋田医院,1305,区西北部,139.6489130849125,35.730870219156536,,0
東京都,稲城わかばクリニック,1,matched,normalized_suffix,iryojoho_clinic,automatic,care,医療法人社団秀巧会　稲城わかばクリニック,1309,南多摩,139.492149,35.635894,,0
東京都,結核予防会結核研究所,2,unmatched,,,automatic,,,,,,,no_name_match,0
東京都,結核予防会複十字病院,1,matched,normalized_exact,iryojoho_hospital,automatic,care,公益財団法人結核予防会　複十字病院,1312,北多摩北部,139.51228,35.771602,,1
東京都,練馬光が丘病院,1,matched,normalized_suffix,iryojoho_hospital,automatic,care,公益社団法人地域医療振興協会　練馬光が丘病院,1305,区西北部,139.633659,35.761355,,0
東京都,練馬駅リハビリテーション病院,1,matched,normalized_suffix,iryojoho_hospital,automatic,care,医療法人社団慈誠会　練馬駅リハビリテーション病院,1305,区西北部,139.653464,35.738997,,0
東京都,聖路加国際病院,6,matched,normalized_exact,iryojoho_hospital,automatic,care,聖路加国際病院,1301,区中央部,139.777068,35.667451,,0
東京都,自由が丘南口クリニック,1,matched,normalized_suffix,iryojoho_clinic,automatic,care,医療法人社団洞樫会　自由が丘南口クリニック,1303,区西南部,139.668018,35.606382,,0
東京都,自衛隊中央病院,2,matched,normalized_exact,iryojoho_hospital,automatic,care,自衛隊中央病院,1303,区西南部,139.684632,35.645202,,0
東京都,蒲田リハビリテーション病院,1,matched,normalized_suffix,iryojoho_hospital,automatic,care,医療法人社団巨樹の会　蒲田リハビリテーション病院,1302,区南部,139.720605,35.572488,,0
東京都,藤原医院,1,matched,normalized_exact,iryojoho_clinic,automatic,care,藤原医院,1312,北多摩北部,139.545972,35.753771,,0
東京都,虎の門病院,9,matched,normalized_suffix,iryojoho_hospital,automatic,care,国家公務員共済組合連合会　虎の門病院,1301,区中央部,139.746043,35.668783,,0
東京都,調布ヶ丘耳鼻咽喉科内科医院,1,unmatched,,,automatic,,,,,,,no_name_match,0
東京都,赤坂虎の門クリニック,1,matched,normalized_exact,iryojoho_clinic,automatic,care,医療法人社団赤坂虎の門クリニック,1301,区中央部,139.742682,35.670089,,0
東京都,足立鹿浜病院,1,matched,normalized_suffix,ksj_p04,automatic,care,医療法人社団　 鹿浜会　足立鹿浜病院,1306,区東北部,139.7543843689675,35.77994607326387,,0
東京都,青木医院,1,unmatched,,,automatic,,,,,,,multiple_candidates_in_pref,0
東京都,青木病院,1,unmatched,,,automatic,,,,,,,no_name_match,0
東京都,順天堂大学,13,matched,crosswalk,iryojoho_hospital,university_hospital,care,順天堂大学医学部附属順天堂医院,1301,区中央部,,,,0
東京都,順天堂大学医学部附属練馬病院,2,matched,normalized_exact,iryojoho_hospital,automatic,care,順天堂大学医学部附属練馬病院,1305,区西北部,139.614661,35.742801,,0
神奈川県,あざがみクリニック,1,matched,normalized_exact,iryojoho_clinic,automatic,care,あざがみクリニック,1412,横浜,139.535425,35.587975,,0
神奈川県,いずみ野整形外科,1,matched,normalized_exact,iryojoho_clinic,automatic,care,いずみ野整形外科,1412,横浜,139.493522,35.428389,,0
神奈川県,さがみリハビリテーション病院,1,matched,normalized_suffix,iryojoho_hospital,automatic,care,医療法人社団哺育会　さがみリハビリテーション病院,1410,相模原,139.348852,35.574321,,0
神奈川県,たかさか小児科,1,matched,normalized_exact,iryojoho_clinic,automatic,care,たかさか小児科,1407,湘南東部,139.486443,35.336535,,0
神奈川県,ひかりこどもクリニック,1,matched,normalized_suffix,iryojoho_clinic,automatic,care,医療法人社団育心会　二子新地ひかりこどもクリニック,1404,川崎北部,139.623036,35.607161,,0
神奈川県,ふかさわ呼吸器・消化器内科クリニック,1,matched,normalized_exact,iryojoho_clinic,automatic,care,ふかさわ呼吸器・消化器内科クリニック,1406,横須賀・三浦,139.517386,35.332053,,0
神奈川県,ふちのべ整形外科,1,unmatched,,,automatic,,,,,,,no_name_match,0
神奈川県,やまばと内科呼吸器クリニック,1,matched,normalized_exact,iryojoho_clinic,automatic,care,やまばと内科呼吸器クリニック,1412,横浜,139.575075,35.376307,,0
神奈川県,カク小児クリニック,1,matched,normalized_suffix,iryojoho_clinic,automatic,care,医療法人　聖育会　カク小児クリニック,1412,横浜,139.534076,35.569066,,0
神奈川県,一般財団法人神奈川県労働衛生福祉協会,1,unmatched,,,automatic,,,,,,,no_name_match,0
神奈川県,一般財団法人神奈川県警友会 けいゆう病院,2,matched,normalized_exact,iryojoho_hospital,automatic,care,一般財団法人神奈川県警友会けいゆう病院,1412,横浜,139.633314,35.45936,,0
神奈川県,三浦市立病院,1,matched,normalized_exact,iryojoho_hospital,automatic,care,三浦市立病院,1406,横須賀・三浦,139.628768,35.144802,,0
神奈川県,上大岡内科・呼吸器科クリニック,1,matched,normalized_exact,iryojoho_clinic,automatic,care,上大岡内科・呼吸器科クリニック,1412,横浜,139.596672,35.404796,,0
神奈川県,介護老人保健施設ハートケア横浜,1,unmatched,,,automatic,,,,,,,no_name_match,0
神奈川県,内科小児科宮島医院,1,matched,normalized_exact,iryojoho_clinic,automatic,care,内科小児科　宮島医院,1405,川崎南部,139.693729,35.520499,,0
神奈川県,北里大学,7,matched,crosswalk,iryojoho_hospital,university_hospital,care,北里大学病院,1410,相模原,,,,0
神奈川県,医療法人光仁会 たかはし内科,1,matched,normalized_suffix,iryojoho_clinic,automatic,care,たかはし内科,1405,川崎南部,139.639539,35.579806,,0
神奈川県,医療法人博友会 進藤医院,1,matched,normalized_exact,iryojoho_clinic,automatic,care,医療法人博友会　進藤医院,1412,横浜,139.613172,35.452913,,0
神奈川県,医療法人愛仁会 太田総合病院,2,matched,normalized_suffix,iryojoho_hospital,automatic,care,太田総合病院,1405,川崎南部,139.695908,35.52819,,0
神奈川県,医療法人社団 こころみ,1,unmatched,,,automatic,,,,,,,no_name_match,0
神奈川県,医療法人社団千歳会 キッズクリニック鷺沼,1,matched,normalized_exact,iryojoho_clinic,automatic,care,医療法人社団千歳会キッズクリニック鷺沼,1404,川崎北部,139.571058,35.577869,,0
神奈川県,厚木市立病院,1,matched,normalized_exact,iryojoho_hospital,automatic,care,厚木市立病院,1409,県央,139.359723,35.44814,,0
神奈川県,小田原市立病院,1,matched,normalized_exact,iryojoho_hospital,automatic,care,小田原市立病院,1411,県西,139.151877,35.268039,,0
神奈川県,川崎市健康安全研究所,1,unmatched,,,automatic,,,,,,,no_name_match,0
神奈川県,川崎市立井田病院,1,matched,normalized_exact,iryojoho_hospital,automatic,care,川崎市立井田病院,1405,川崎南部,139.640892,35.55998,,0
神奈川県,川崎市立川崎病院,3,matched,normalized_exact,iryojoho_hospital,automatic,care,川崎市立川崎病院,1405,川崎南部,139.705961,35.526715,,0
神奈川県,川崎高津クリニック,1,matched,normalized_exact,iryojoho_clinic,automatic,care,川崎高津クリニック,1404,川崎北部,139.601068,35.612635,,0
神奈川県,帝京大学医学部附属溝口病院,3,matched,normalized_exact,iryojoho_hospital,automatic,care,帝京大学医学部附属溝口病院,1404,川崎北部,139.616159,35.602314,,0
神奈川県,平和病院,1,matched,normalized_exact,iryojoho_hospital,automatic,care,平和病院,1412,横浜,139.66539,35.506664,,0
神奈川県,新川崎ふたばクリニック小児科・皮膚科,1,matched,normalized_exact,iryojoho_clinic,automatic,care,新川崎ふたばクリニック小児科・皮膚科,1405,川崎南部,139.673412,35.551234,,0
神奈川県,新緑脳神経外科,1,matched,normalized_suffix,iryojoho_clinic,automatic,care,医療法人社団東京石心会　新緑脳神経外科,1412,横浜,139.562526,35.455287,,0
神奈川県,施設掲載なし,5,unassignable,crosswalk,crosswalk,unassignable,,,,,,,,0
神奈川県,日本医科大学武蔵小杉病院,3,matched,normalized_exact,iryojoho_hospital,automatic,care,日本医科大学武蔵小杉病院,1405,川崎南部,139.658031,35.580286,,0
神奈川県,日産自動車健康保険組合 日産追浜地区診療所,1,unmatched,,,automatic,,,,,,,no_name_match,0
神奈川県,昭和医科大学横浜市北部病院,3,matched,crosswalk,iryojoho_hospital,renamed,care,昭和大学横浜市北部病院,1412,横浜,,,,0
神奈川県,東海大学,5,matched,crosswalk,iryojoho_hospital,university_hospital,care,東海大学医学部付属病院,1408,湘南西部,,,,0
神奈川県,横浜かんだいじファミリークリニック,1,matched,normalized_exact,iryojoho_clinic,automatic,care,横浜かんだいじファミリークリニック,1412,横浜,139.610768,35.482188,,0
神奈川県,横浜リウマチ・内科クリニック,1,matched,normalized_exact,iryojoho_clinic,automatic,care,横浜リウマチ・内科クリニック,1412,横浜,139.581259,35.367955,,0
神奈川県,横浜南共済病院,1,matched,normalized_suffix,iryojoho_hospital,automatic,care,国家公務員共済組合連合会横浜南共済病院,1412,横浜,139.622485,35.320633,,0
神奈川県,横浜市保健所,1,unmatched,,,automatic,,,,,,,no_name_match,0
神奈川県,横浜市旭中央病院,1,unmatched,,,automatic,,,,,,,no_name_match,0
神奈川県,横浜市立みなと赤十字病院,2,matched,normalized_exact,iryojoho_hospital,automatic,care,横浜市立みなと赤十字病院,1412,横浜,139.664274,35.436432,,0
神奈川県,横浜市立大学,4,matched,crosswalk,iryojoho_hospital,university_hospital,care,公立大学法人横浜市立大学附属病院,1412,横浜,,,,0
神奈川県,横浜市立大学附属市民総合医療センター,3,matched,normalized_exact,iryojoho_hospital,automatic,care,公立大学法人横浜市立大学附属市民総合医療センター,1412,横浜,139.62493,35.43404,,0
神奈川県,横浜市立市民病院,4,matched,normalized_exact,iryojoho_hospital,automatic,care,横浜市立市民病院,1412,横浜,139.605262,35.469049,,0
神奈川県,横浜新緑総合病院,1,matched,normalized_exact,iryojoho_hospital,automatic,care,横浜新緑総合病院,1412,横浜,139.509099,35.524698,,0
神奈川県,済生会横浜市南部病院,2,matched,normalized_suffix,iryojoho_hospital,automatic,care,社会福祉法人恩賜財団済生会支部神奈川県済生会横浜市南部病院,1412,横浜,139.579211,35.375235,,0
神奈川県,済生会湘南平塚病院,1,matched,normalized_suffix,iryojoho_hospital,automatic,care,社会福祉法人恩賜財団済生会支部神奈川県済生会湘南平塚病院,1408,湘南西部,139.35306,35.337504,,0
神奈川県,港北病院,1,matched,normalized_exact,iryojoho_hospital,automatic,care,港北病院,1412,横浜,139.554586,35.490869,,0
神奈川県,湘南藤沢徳洲会病院,1,matched,normalized_suffix,iryojoho_hospital,automatic,care,医療法人徳洲会湘南藤沢徳洲会病院,1407,湘南東部,139.444963,35.341069,,0
神奈川県,湘南鎌倉総合病院,2,matched,normalized_suffix,iryojoho_hospital,automatic,care,医療法人徳洲会　湘南鎌倉総合病院,1406,横須賀・三浦,139.51516,35.345323,,0
神奈川県,独立行政法人労働者健康安全機構 横浜労災病院,1,matched,normalized_suffix,iryojoho_hospital,automatic,care,横浜労災病院,1412,横浜,139.610089,35.511332,,0
神奈川県,独立行政法人国立病院機構 横浜医療センター,2,matched,normalized_exact,iryojoho_hospital,automatic,care,独立行政法人国立病院機構横浜医療センター,1412,横浜,139.504528,35.380344,,0
神奈川県,百合ヶ丘駅前クリニック,1,matched,normalized_exact,ksj_p04,automatic,care,百合ヶ丘駅前クリニック,1404,川崎北部,139.51745853610282,35.60929099220581,,0
神奈川県,社会福祉法人キャマラード みどりの家診療所,1,matched,normalized_suffix,iryojoho_clinic,automatic,care,みどりの家診療所,1412,横浜,139.545541,35.517352,,0
神奈川県,神奈川県立がんセンター,1,matched,normalized_exact,iryojoho_hospital,automatic,care,神奈川県立がんセンター,1412,横浜,139.52642,35.468177,,0
神奈川県,神奈川県立循環器呼吸器病センター,3,matched,normalized_exact,iryojoho_hospital,automatic,care,神奈川県立循環器呼吸器病センター,1412,横浜,139.631641,35.361204,,0
神奈川県,聖マリアンナ医科大学,9,matched,crosswalk,iryojoho_hospital,university_hospital,care,聖マリアンナ医科大学病院,1404,川崎北部,,,,0
神奈川県,聖マリアンナ医科大学横浜市西部病院,1,matched,normalized_exact,iryojoho_hospital,automatic,care,聖マリアンナ医科大学横浜市西部病院,1412,横浜,139.502621,35.476903,,0
神奈川県,藤沢市民病院,3,matched,normalized_exact,iryojoho_hospital,automatic,care,藤沢市民病院,1407,湘南東部,139.482007,35.350919,,0
神奈川県,遠藤医院,1,matched,normalized_exact,iryojoho_clinic,automatic,care,遠藤医院,1408,湘南西部,139.351244,35.323456,,0
神奈川県,関東労災病院,2,matched,normalized_exact,iryojoho_hospital,automatic,care,関東労災病院,1405,川崎南部,139.656774,35.568321,,0
神奈川県,陽光台こばやしこどもクリニック,1,unmatched,,,automatic,,,,,,,no_name_match,0
神奈川県,青葉台マグノリア内科・呼吸器クリニック,1,unmatched,,,automatic,,,,,,,no_name_match,0
神奈川県,高宮小児科,1,unmatched,,,automatic,,,,,,,no_name_match,0
神奈川県,鵬友会ゆめが丘総合病院,1,unmatched,,,automatic,,,,,,,no_name_match,0
新潟県,おおつかこどもクリニック,1,matched,normalized_exact,iryojoho_clinic,automatic,care,おおつかこどもクリニック,1502,新潟,139.045078,37.903496,,0
新潟県,こばやし内科クリニック,1,matched,normalized_exact,ksj_p04,automatic,care,こばやし内科クリニック,1502,新潟,139.06627963160906,37.89796202083608,,0
新潟県,こばりファミリークリニック,1,matched,normalized_exact,ksj_p04,automatic,care,こばりファミリークリニック,1502,新潟,138.99500532149804,37.871020222218675,,0
新潟県,とやの中央病院,1,matched,normalized_exact,iryojoho_hospital,automatic,care,とやの中央病院,1502,新潟,139.034366,37.886249,,0
新潟県,三条東病院,1,matched,normalized_exact,ksj_p04,automatic,care,三条東病院,1503,県央,138.9852628924337,37.6325755703591,,0
新潟県,信楽園病院,1,matched,normalized_suffix,iryojoho_hospital,automatic,care,社会福祉法人新潟市社会事業協会信楽園病院,1502,新潟,138.956336,37.857892,,0
新潟県,公益財団法人新潟県保健衛生センター,1,unmatched,,,automatic,,,,,,,no_name_match,0
新潟県,医療法人恒仁会 新潟南病院,1,matched,normalized_suffix,iryojoho_hospital,automatic,care,新潟南病院,1502,新潟,139.032506,37.883489,,0
新潟県,新潟大学,12,matched,crosswalk,iryojoho_hospital,university_hospital,care,新潟大学医歯学総合病院,1502,新潟,,,,0
新潟県,新潟市民病院,3,matched,normalized_exact,iryojoho_hospital,automatic,care,新潟市民病院,1502,新潟,139.04156,37.875012,,0
新潟県,新潟県立新発田病院,1,matched,normalized_exact,iryojoho_hospital,automatic,care,新潟県立新発田病院,1501,下越,139.333974,37.946565,,0
新潟県,新潟県立柿崎病院,1,matched,normalized_exact,iryojoho_hospital,automatic,care,新潟県立柿崎病院,1506,上越,138.393328,37.277863,,0
新潟県,施設掲載なし,1,unassignable,crosswalk,crosswalk,unassignable,,,,,,,,0
新潟県,村上総合病院,1,matched,normalized_suffix,iryojoho_hospital,automatic,care,新潟県厚生農業協同組合連合会村上総合病院,1501,下越,139.461344,38.218475,,0
新潟県,済生会新潟県央基幹病院,1,unmatched,,,automatic,,,,,,,no_name_match,0
新潟県,独立行政法人国立病院機構 西新潟中央病院,1,matched,normalized_exact,iryojoho_hospital,automatic,care,独立行政法人国立病院機構西新潟中央病院,1502,新潟,138.986372,37.88997,,0
新潟県,長岡赤十字病院,1,matched,normalized_exact,iryojoho_hospital,automatic,care,長岡赤十字病院,1504,中越,138.828366,37.460357,,0
富山県,さくはなファミリークリニック,1,unmatched,,,automatic,,,,,,,no_name_match,0
富山県,南砺市民病院,1,matched,normalized_exact,iryojoho_hospital,automatic,care,南砺市民病院,1604,砺波,136.973315,36.570246,,0
富山県,厚生連高岡病院,2,unmatched,,,automatic,,,,,,,no_name_match,0
富山県,国立病院機構富山病院,1,matched,normalized_exact,iryojoho_hospital,automatic,care,独立行政法人国立病院機構富山病院,1602,富山,137.118632,36.655156,,0
富山県,富山労災病院,1,matched,normalized_suffix,iryojoho_hospital,automatic,care,独立行政法人労働者健康安全機構　富山労災病院,1601,新川,137.424599,36.821533,,0
富山県,富山大学,4,matched,crosswalk,iryojoho_hospital,university_hospital,care,国立大学法人　富山大学附属病院,1602,富山,,,,0
富山県,富山県立中央病院,1,matched,normalized_exact,iryojoho_hospital,automatic,care,富山県立中央病院,1602,富山,137.237593,36.692238,,0
富山県,富山県衛生研究所,1,unmatched,,,automatic,,,,,,,no_name_match,0
富山県,市立礪波総合病院,1,unmatched,,,automatic,,,,,,,no_name_match,0
富山県,魚津緑ヶ丘病院,1,matched,normalized_exact,iryojoho_hospital,automatic,care,魚津緑ヶ丘病院,1601,新川,137.410934,36.811506,,0
石川県,にし内科・呼吸器クリニック,1,unmatched,,,automatic,,,,,,,no_name_match,0
石川県,公立松任石川中央病院,1,matched,normalized_exact,iryojoho_hospital,automatic,care,公立松任石川中央病院,1702,石川中央,136.565761,36.51105,,0
石川県,加賀市医療センター,1,matched,normalized_exact,iryojoho_hospital,automatic,care,加賀市医療センター,1701,南加賀,136.351586,36.31732,,0
石川県,医療法人社団芙蓉会 二ツ屋病院,1,matched,normalized_exact,iryojoho_hospital,automatic,care,医療法人社団芙蓉会　二ツ屋病院,1702,石川中央,136.73856,36.784819,,0
石川県,恵寿総合病院,2,matched,normalized_suffix,iryojoho_hospital,automatic,care,社会医療法人財団董仙会恵寿総合病院,1703,能登中部,136.961991,37.051536,,0
石川県,施設掲載なし,1,unassignable,crosswalk,crosswalk,unassignable,,,,,,,,0
石川県,特定医療法人扇翔会 南ヶ丘病院,1,matched,normalized_exact,iryojoho_hospital,automatic,care,特定医療法人扇翔会　南ヶ丘病院,1702,石川中央,136.593974,36.526516,,0
石川県,独立行政法人地域医療推進機構金沢病院,1,unmatched,,,automatic,,,,,,,no_name_match,0
石川県,石川県立中央病院,1,matched,normalized_exact,iryojoho_hospital,automatic,care,石川県立中央病院,1702,石川中央,136.628804,36.595202,,0
石川県,金沢医科大学,2,matched,crosswalk,iryojoho_hospital,university_hospital,care,金沢医科大学病院,1702,石川中央,,,,0
石川県,金沢大学,3,matched,crosswalk,iryojoho_hospital,university_hospital,care,国立大学法人金沢大学附属病院,1702,石川中央,,,,0
福井県,レイクヒルズ美方病院,1,matched,normalized_suffix,iryojoho_hospital,automatic,care,公立小浜病院組合　レイクヒルズ美方病院,1804,嶺南,135.913625,35.584867,,0
福井県,国立病院機構あわら病院,1,matched,normalized_exact,iryojoho_hospital,automatic,care,独立行政法人　国立病院機構　あわら病院,1801,福井・坂井,136.212208,36.255839,,0
福井県,独立行政法人国立病院機構 敦賀医療センター,1,matched,normalized_exact,iryojoho_hospital,automatic,care,独立行政法人　国立病院機構　敦賀医療センター,1804,嶺南,136.034347,35.622617,,0
福井県,福井大学,3,matched,crosswalk,iryojoho_hospital,university_hospital,care,福井大学医学部附属病院,1801,福井・坂井,,,,0
福井県,福井県丹南健康福祉センター・丹南保健所,1,matched,crosswalk,iryojoho_clinic,renamed,non_care,福井県丹南健康福祉センター,1803,丹南,,,,0
福井県,福井県坂井健康福祉センター,1,matched,normalized_suffix,ksj_p04,automatic,care,坂井健康福祉センター,1801,福井・坂井,136.231404228709,36.218516662820804,,0
福井県,福井県立病院,2,matched,normalized_exact,iryojoho_hospital,automatic,care,福井県立病院,1801,福井・坂井,136.239458,36.069089,,0
福井県,福井総合病院,1,matched,normalized_exact,iryojoho_hospital,automatic,care,福井総合病院,1801,福井・坂井,136.165792,36.131089,,0
山梨県,山梨大学,1,matched,crosswalk,iryojoho_hospital,university_hospital,care,国立大学法人山梨大学医学部附属病院,1901,中北,,,,0
山梨県,山梨県立中央病院,1,matched,normalized_suffix,iryojoho_hospital,automatic,care,地方独立行政法人山梨県立病院機構　山梨県立中央病院,1901,中北,138.549253,35.671179,,0
長野県,いでうら呼吸器内科・耳鼻咽喉科・消化器内科医院,1,unmatched,,,automatic,,,,,,,no_name_match,0
長野県,はま内科呼吸器クリニック,1,matched,normalized_exact,iryojoho_clinic,automatic,care,はま内科呼吸器クリニック,2007,松本,137.960033,36.131,,0
長野県,まつもと医療センター,1,matched,normalized_suffix,iryojoho_hospital,automatic,care,独立行政法人国立病院機構まつもと医療センター,2007,松本,137.963943,36.175247,,0
長野県,まるやまファミリークリニック,1,matched,normalized_exact,ksj_p04,automatic,care,まるやまファミリークリニック,2005,飯伊,137.79114198795048,35.49956640089597,,0
長野県,よねざわ伊藤クリニック,1,unmatched,,,automatic,,,,,,,no_name_match,0
長野県,丸子中央病院,1,matched,normalized_exact,iryojoho_hospital,automatic,care,丸子中央病院,2002,上小,138.270521,36.33818,,0
長野県,久田小児科医院,1,matched,normalized_exact,iryojoho_clinic,automatic,care,久田小児科医院,2005,飯伊,137.820148,35.517318,,0
長野県,伊那中央病院,1,matched,normalized_exact,iryojoho_hospital,automatic,care,伊那中央病院,2004,上伊那,137.955095,35.855811,,0
長野県,佐久総合病院,1,matched,normalized_suffix,iryojoho_hospital,automatic,care,長野県厚生農業協同組合連合会佐久総合病院,2001,佐久,138.480897,36.198396,,0
長野県,佐久総合病院付属小海診療所,1,matched,normalized_exact,iryojoho_clinic,automatic,care,厚生連佐久総合病院付属小海診療所,2001,佐久,138.482419,36.088341,,0
長野県,佐久総合病院佐久医療センター,1,matched,normalized_suffix,iryojoho_hospital,automatic,care,長野県厚生農業協同組合連合会　佐久総合病院　佐久医療センター,2001,佐久,138.471924,36.251807,,0
長野県,信州大学,7,matched,crosswalk,iryojoho_hospital,university_hospital,care,信州大学医学部附属病院,2007,松本,,,,0
長野県,北信総合病院,1,matched,normalized_suffix,iryojoho_hospital,automatic,care,長野県厚生農業協同組合連合会北信総合病院,2010,北信,138.365996,36.746414,,0
長野県,医療法人清秀会甘利医院わだ,1,matched,normalized_suffix,ksj_p04,automatic,care,甘利医院わだ,2001,佐久,138.4628054615647,36.297047388615155,,0
長野県,南長野医療センター篠ノ井総合病院,1,matched,normalized_exact,iryojoho_hospital,automatic,care,厚生連　南長野医療センター篠ノ井総合病院,2009,長野,138.149328,36.575428,,0
長野県,地方独立行政法人長野県立病院機構,1,unmatched,,,automatic,,,,,,,no_name_match,0
長野県,地方独立行政法人長野県立病院機構長野県立信州医療センター,2,matched,normalized_suffix,iryojoho_hospital,automatic,care,長野県立信州医療センター,2009,長野,138.309491,36.65409,,0
長野県,城西病院,1,matched,normalized_exact,ksj_p04,automatic,care,城西病院,2007,松本,137.9627524973416,36.23976771476474,,0
長野県,市立大町総合病院,2,matched,normalized_exact,iryojoho_hospital,automatic,care,市立大町総合病院,2008,大北,137.857912,36.501095,,0
長野県,木下整形外科・小児科,1,matched,normalized_exact,iryojoho_clinic,automatic,care,木下整形外科・小児科,2007,松本,137.968801,36.24835,,0
長野県,東御市民病院,1,matched,normalized_exact,iryojoho_hospital,automatic,care,東御市民病院,2002,上小,138.350097,36.359763,,0
長野県,諏訪中央病院,1,matched,normalized_suffix,iryojoho_hospital,automatic,care,組合立　諏訪中央病院,2003,諏訪,138.176904,35.990996,,0
長野県,諏訪赤十字病院,1,matched,normalized_exact,iryojoho_hospital,automatic,care,諏訪赤十字病院,2003,諏訪,138.10688,36.043016,,0
長野県,長野県立こども病院,1,matched,normalized_exact,iryojoho_hospital,automatic,care,長野県立こども病院,2007,松本,137.920554,36.284789,,0
長野県,飯田市立上村診療所,1,matched,normalized_exact,iryojoho_clinic,automatic,care,飯田市立上村診療所,2005,飯伊,137.968501,35.382643,,0
岐阜県,JA岐阜厚生連中濃厚生病院,2,unmatched,,,automatic,,,,,,,no_name_match,0
岐阜県,いちはしメディカルクリニック,1,unmatched,,,automatic,,,,,,,no_name_match,0
岐阜県,中部国際医療センター,1,matched,normalized_exact,iryojoho_hospital,automatic,care,中部国際医療センター,2103,中濃,137.016295,35.45753,,0
岐阜県,久美愛厚生病院,1,matched,normalized_suffix,iryojoho_hospital,automatic,care,岐阜県厚生農業協同組合連合会飛騨医療センター久美愛厚生病院,2105,飛騨,137.256863,36.153807,,0
岐阜県,加藤医院,1,unmatched,,,automatic,,,,,,,multiple_candidates_in_pref,0
岐阜県,南ひだせせらぎ病院,1,matched,normalized_suffix,iryojoho_hospital,automatic,care,特定医療法人隆湶会　南ひだせせらぎ病院,2105,飛騨,137.23421,35.816494,,0
岐阜県,博愛会病院,1,matched,normalized_exact,iryojoho_hospital,automatic,care,博愛会病院,2102,西濃,136.537328,35.373589,,0
岐阜県,国立病院機構 長良医療センター,1,matched,normalized_exact,iryojoho_hospital,automatic,care,独立行政法人国立病院機構　長良医療センター,2101,岐阜,136.789325,35.449104,,0
岐阜県,大垣市民病院,1,matched,normalized_exact,iryojoho_hospital,automatic,care,大垣市民病院,2102,西濃,136.622314,35.353239,,0
岐阜県,学校法人朝日大学病院,1,matched,normalized_exact,iryojoho_hospital,automatic,care,朝日大学病院,2101,岐阜,136.749559,35.4107,,0
岐阜県,岐阜大学,2,matched,crosswalk,iryojoho_hospital,university_hospital,care,岐阜大学医学部附属病院,2101,岐阜,,,,0
岐阜県,岐阜市民病院,1,matched,normalized_exact,iryojoho_hospital,automatic,care,岐阜市民病院,2101,岐阜,136.734729,35.414067,,0
岐阜県,岐阜県総合医療センター,3,matched,normalized_exact,iryojoho_hospital,automatic,care,岐阜県総合医療センター,2101,岐阜,136.798763,35.410533,,0
岐阜県,岐阜綜合健診センター,1,unmatched,,,automatic,,,,,,,no_name_match,0
岐阜県,本荘内科呼吸器科,1,matched,normalized_exact,iryojoho_clinic,automatic,care,本荘内科・呼吸器科,2101,岐阜,136.743694,35.415193,,0
岐阜県,浜田･浅井医院,1,matched,normalized_suffix,iryojoho_clinic,automatic,care,医療法人　慈生会　浜田・浅井医院,2104,東濃,137.112532,35.333313,,0
岐阜県,県立多治見病院,1,matched,normalized_suffix,iryojoho_hospital,automatic,care,岐阜県立多治見病院,2104,東濃,137.111115,35.328205,,0
岐阜県,社会医療法人蘇西厚生会 松波総合病院,1,matched,normalized_suffix,iryojoho_hospital,automatic,care,松波総合病院,2101,岐阜,136.757938,35.362908,,0
岐阜県,藤井記念小西クリニック,1,matched,normalized_exact,iryojoho_clinic,automatic,care,藤井記念　小西クリニック,2104,東濃,137.160685,35.299201,,0
岐阜県,西濃厚生病院,1,matched,normalized_suffix,iryojoho_hospital,automatic,care,岐阜県厚生農業協同組合連合会　岐阜・西濃医療センター　西濃厚生病院,2102,西濃,136.629388,35.430131,,0
岐阜県,高山ぶなの杜診療所,1,unmatched,,,automatic,,,,,,,no_name_match,0
静岡県,NTT東日本伊豆病院,1,matched,normalized_exact,iryojoho_hospital,automatic,care,ＮＴＴ東日本伊豆病院,2203,駿東田方,138.956691,35.0898,,0
静岡県,うぐいす在宅診療所,1,matched,normalized_exact,iryojoho_clinic,automatic,care,うぐいす在宅診療所,2208,西部,137.745289,34.698168,,0
静岡県,えん在宅医療クリニック,1,matched,normalized_exact,iryojoho_clinic,automatic,care,えん在宅医療クリニック,2207,中東遠,137.84905,34.697205,,0
静岡県,きのさき内科・呼吸器内科,1,unmatched,,,automatic,,,,,,,no_name_match,0
静岡県,げんま内科・呼吸器内科クリニック,1,matched,normalized_exact,iryojoho_clinic,automatic,care,げんま内科・呼吸器内科クリニック,2207,中東遠,137.942784,34.736385,,0
静岡県,みやざき内科,1,matched,normalized_exact,iryojoho_clinic,automatic,care,みやざき内科,2205,静岡,138.365149,34.939716,,0
静岡県,やなせ内科呼吸器科クリニック,1,matched,normalized_exact,iryojoho_clinic,automatic,care,やなせ内科呼吸器科クリニック,2208,西部,137.709559,34.774396,,0
静岡県,コミュニティホスピタル甲賀病院,1,matched,normalized_suffix,iryojoho_hospital,automatic,care,社会医療法人駿甲会　コミュニティーホスピタル甲賀病院,2206,志太榛原,138.300116,34.875701,,0
静岡県,フジ虎ノ門整形外科病院,1,matched,normalized_suffix,iryojoho_hospital,automatic,care,社会医療法人青虎会　フジ虎ノ門整形外科病院,2203,駿東田方,138.919088,35.294607,,0
静岡県,中東遠総合医療センター,1,matched,normalized_suffix,iryojoho_hospital,automatic,care,掛川市・袋井市病院企業団立中東遠総合医療センター,2207,中東遠,138.000396,34.758625,,0
静岡県,公益社団法人有隣厚生会 富士病院,1,matched,normalized_exact,iryojoho_hospital,automatic,care,公益社団法人　有隣厚生会　富士病院,2203,駿東田方,138.935711,35.298389,,0
静岡県,医療法人一穂会 西山病院,1,matched,normalized_exact,iryojoho_hospital,automatic,care,医療法人社団一穂会西山病院,2208,西部,137.688479,34.736899,,0
静岡県,国立病院機構天竜病院,1,matched,normalized_exact,iryojoho_hospital,automatic,care,独立行政法人国立病院機構天竜病院,2208,西部,137.799288,34.854725,,0
静岡県,山下内科医院,1,matched,normalized_exact,iryojoho_clinic,automatic,care,山下内科医院,2206,志太榛原,138.322212,34.866613,,0
静岡県,岸本内科クリニック,1,matched,normalized_exact,iryojoho_clinic,automatic,care,岸本内科クリニック,2208,西部,137.785524,34.781452,,0
静岡県,市立御前崎総合病院,1,matched,normalized_exact,iryojoho_hospital,automatic,care,市立御前崎総合病院,2207,中東遠,138.119031,34.645778,,0
静岡県,浜松医療センター,4,matched,normalized_exact,iryojoho_hospital,automatic,care,浜松医療センター,2208,西部,137.70134,34.716124,,0
静岡県,浜松医科大学,2,matched,crosswalk,iryojoho_hospital,university_hospital,care,浜松医科大学医学部附属病院,2208,西部,,,,0
静岡県,浜松赤十字病院,1,matched,normalized_exact,iryojoho_hospital,automatic,care,浜松赤十字病院,2208,西部,137.790051,34.805866,,0
静岡県,瀬名こどもクリニック,1,matched,normalized_exact,iryojoho_clinic,automatic,care,瀬名こどもクリニック,2205,静岡,138.421183,35.011522,,0
静岡県,石井内科,1,matched,normalized_exact,iryojoho_clinic,automatic,care,石井内科,2203,駿東田方,138.920081,35.112853,,0
静岡県,磐田市立総合病院,2,matched,normalized_exact,iryojoho_hospital,automatic,care,磐田市立総合病院,2207,中東遠,137.856936,34.769232,,0
静岡県,総合病院 聖隷三方原病院,1,unmatched,,,automatic,,,,,,,multiple_candidates_in_pref,0
静岡県,藤枝市立総合病院,1,matched,normalized_exact,iryojoho_hospital,automatic,care,藤枝市立総合病院,2206,志太榛原,138.230095,34.861062,,0
静岡県,藤枝平成記念病院,1,matched,normalized_suffix,iryojoho_hospital,automatic,care,医療法人社団平成会藤枝平成記念病院,2206,志太榛原,138.243039,34.854091,,0
静岡県,野尻こどもファミリークリニック,1,matched,normalized_exact,iryojoho_clinic,automatic,care,野尻こどもファミリークリニック,2204,富士,138.608355,35.224153,,0
静岡県,静岡市立清水病院,2,matched,normalized_exact,iryojoho_hospital,automatic,care,静岡市立清水病院,2205,静岡,138.490234,34.982776,,0
静岡県,静岡県立こども病院,2,matched,normalized_exact,iryojoho_hospital,automatic,care,静岡県立こども病院,2205,静岡,138.396268,35.01977,,0
静岡県,静岡県立総合病院,3,matched,normalized_exact,iryojoho_hospital,automatic,care,静岡県立総合病院,2205,静岡,138.386214,35.00305,,0
静岡県,静岡県立静岡がんセンター,1,matched,normalized_exact,iryojoho_hospital,automatic,care,静岡県立静岡がんセンター,2203,駿東田方,138.884471,35.156348,,0
愛知県,JA愛知厚生連 海南病院,1,unmatched,,,automatic,,,,,,,no_name_match,0
愛知県,あいち小児保健医療総合センター,3,matched,normalized_exact,iryojoho_hospital,automatic,care,あいち小児保健医療総合センター,2307,知多半島,136.953972,34.998612,,0
愛知県,あらかわ医院,1,matched,normalized_exact,iryojoho_clinic,automatic,care,医療法人　あらかわ医院,2304,尾張東部,137.047843,35.223117,,0
愛知県,いむれ内科クリニック,1,matched,normalized_exact,iryojoho_clinic,automatic,care,いむれ内科クリニック,2312,東三河南部,137.429859,34.745855,,0
愛知県,こじま内科小児科クリニック,1,matched,normalized_exact,iryojoho_clinic,automatic,care,こじま内科小児科クリニック,2313,名古屋・尾張中部,136.928301,35.139874,,0
愛知県,ごとう内科・腎移植内科クリニック,1,unmatched,,,automatic,,,,,,,no_name_match,0
愛知県,すずき呼吸器クリニック,1,matched,normalized_exact,ksj_p04,automatic,care,すずき呼吸器クリニック,2313,名古屋・尾張中部,136.91009771837054,35.169390298359815,,0
愛知県,キャッスルキッズクリニック,1,matched,normalized_exact,iryojoho_clinic,automatic,care,キャッスルキッズクリニック,2306,尾張北部,136.940462,35.376314,,0
愛知県,サニーホームケアクリニック,1,unmatched,,,automatic,,,,,,,no_name_match,0
愛知県,トヨタ記念病院,3,matched,normalized_exact,iryojoho_hospital,automatic,care,トヨタ記念病院,2308,西三河北部,137.175423,35.057637,,0
愛知県,フォレストベルクリニック,1,matched,normalized_exact,iryojoho_clinic,automatic,care,フォレストベルクリニック,2313,名古屋・尾張中部,137.03483,35.253165,,0
愛知県,プライベートケアクリニック 名古屋栄,1,matched,normalized_suffix,iryojoho_clinic,automatic,care,医療法人社団裕志会プライベートケアクリニック名古屋栄,2313,名古屋・尾張中部,136.905174,35.166875,,0
愛知県,一宮市立市民病院,1,matched,normalized_exact,iryojoho_hospital,automatic,care,一宮市立市民病院,2305,尾張西部,136.805442,35.312853,,0
愛知県,上林記念病院,1,matched,normalized_exact,iryojoho_hospital,automatic,care,上林記念病院,2305,尾張西部,136.756885,35.327699,,0
愛知県,並木病院,1,unmatched,,,automatic,,,,,,,no_name_match,0
愛知県,乙川さとうクリニック,1,matched,normalized_exact,iryojoho_clinic,automatic,care,乙川さとうクリニック,2307,知多半島,136.947838,34.914232,,0
愛知県,刈谷豊田総合病院,1,matched,normalized_exact,iryojoho_hospital,automatic,care,刈谷豊田総合病院,2309,西三河南部西,137.005941,34.983253,,0
愛知県,加藤内科クリニック,1,unmatched,,,automatic,,,,,,,multiple_candidates_in_pref,0
愛知県,医療法人 たけだクリニック,1,matched,normalized_exact,ksj_p04,automatic,care,たけだクリニック,2312,東三河南部,137.3985157,34.8214131,,0
愛知県,医療法人 朽名医院,1,matched,normalized_exact,iryojoho_clinic,automatic,care,医療法人　朽名医院,2312,東三河南部,137.104769,34.631172,,0
愛知県,医療法人メファ仁愛会 マイファミリークリニック蒲郡,1,matched,normalized_suffix,ksj_p04,automatic,care,マイファミリークリニック蒲郡,2312,東三河南部,137.2244041,34.8286605,,0
愛知県,医療法人三善会老人保健施設第二アメニティつしま,1,unmatched,,,automatic,,,,,,,no_name_match,0
愛知県,医療法人杏嶺会 一宮西病院,2,matched,normalized_suffix,iryojoho_hospital,automatic,care,一宮西病院,2305,尾張西部,136.778,35.313436,,0
愛知県,医療法人瑞心会 渡辺病院,1,unmatched,,,automatic,,,,,,,no_name_match,0
愛知県,吉田クリニック,1,matched,normalized_exact,iryojoho_clinic,automatic,care,吉田クリニック,2306,尾張北部,136.980403,35.254446,,0
愛知県,名古屋大学,8,matched,crosswalk,iryojoho_hospital,university_hospital,care,名古屋大学医学部附属病院,2313,名古屋・尾張中部,,,,0
愛知県,名古屋学芸大学,1,unassignable,crosswalk,crosswalk,non_care_workplace,non_care,,,,,,no_location_for_non_care,0
愛知県,名古屋工業大学,1,matched,crosswalk,iryojoho_clinic,non_care_workplace,non_care,名古屋工業大学保健センター,2313,名古屋・尾張中部,,,,0
愛知県,名古屋市厚生院,1,matched,normalized_exact,ksj_p04,automatic,care,名古屋市厚生院,2313,名古屋・尾張中部,137.0193763,35.16365446,,0
愛知県,名古屋市立大学,4,matched,crosswalk,iryojoho_hospital,university_hospital,care,名古屋市立大学病院,2313,名古屋・尾張中部,,,,0
愛知県,名古屋市立大学医学部付属みどり市民病院,1,matched,crosswalk,iryojoho_hospital,university_hospital,care,名古屋市立大学医学部附属みどり市民病院,2313,名古屋・尾張中部,,,,0
愛知県,名古屋市立大学医学部附属東部医療センター,3,matched,normalized_exact,iryojoho_hospital,automatic,care,名古屋市立大学医学部附属東部医療センター,2313,名古屋・尾張中部,136.944378,35.174986,,0
愛知県,名古屋市重症心身障害児施設 ティンクルなごや,1,unmatched,,,automatic,,,,,,,no_name_match,0
愛知県,名古屋徳洲会病院,1,unmatched,,,automatic,,,,,,,no_name_match,0
愛知県,名鉄病院,1,matched,normalized_exact,iryojoho_hospital,automatic,care,名鉄病院,2313,名古屋・尾張中部,136.872582,35.185007,,0
愛知県,大同病院,1,matched,normalized_exact,iryojoho_hospital,automatic,care,大同病院,2313,名古屋・尾張中部,136.907,35.074936,,0
愛知県,大府うららクリニック,1,matched,normalized_suffix,iryojoho_clinic,automatic,care,うららクリニック,2313,名古屋・尾張中部,136.909181,35.113334,,0
愛知県,岡崎市医師会公衆衛生センター,1,matched,normalized_exact,iryojoho_clinic,automatic,care,岡崎市医師会公衆衛生センター,2310,西三河南部東,137.168427,34.940208,,0
愛知県,常滑市民病院,1,matched,normalized_exact,ksj_p04,automatic,care,常滑市民病院,2307,知多半島,136.85355621990175,34.89514864338719,,0
愛知県,愛知医科大学,3,matched,crosswalk,iryojoho_hospital,university_hospital,care,愛知医科大学病院,2304,尾張東部,,,,0
愛知県,愛知県厚生農業協同組合連合会 江南厚生病院,4,matched,normalized_exact,iryojoho_hospital,automatic,care,愛知県厚生農業協同組合連合会　江南厚生病院,2306,尾張北部,136.878018,35.355322,,0
愛知県,愛知県厚生連 安城更生病院,3,matched,normalized_exact,iryojoho_hospital,automatic,care,愛知県厚生農業協同組合連合会　安城更生病院,2309,西三河南部西,137.078381,34.939926,,0
愛知県,新生会第一病院,1,matched,normalized_exact,iryojoho_hospital,automatic,care,新生会第一病院,2313,名古屋・尾張中部,136.976489,35.11497,,0
愛知県,施設掲載なし,5,unassignable,crosswalk,crosswalk,unassignable,,,,,,,,0
愛知県,日本赤十字社愛知医療センター名古屋第一病院,1,matched,normalized_exact,iryojoho_hospital,automatic,care,日本赤十字社愛知医療センター名古屋第一病院,2313,名古屋・尾張中部,136.862139,35.171286,,0
愛知県,日本赤十字社愛知医療センター名古屋第二病院,1,matched,normalized_exact,iryojoho_hospital,automatic,care,日本赤十字社愛知医療センター名古屋第二病院,2313,名古屋・尾張中部,136.966214,35.144958,,0
愛知県,栄エンゼルクリニック,1,matched,normalized_suffix,iryojoho_clinic,automatic,care,医療法人士正会　栄エンゼルクリニック,2313,名古屋・尾張中部,136.91244,35.165288,,0
愛知県,森クリニック,1,matched,normalized_exact,iryojoho_clinic,automatic,care,森クリニック,2307,知多半島,136.927279,34.893331,,0
愛知県,津島市民病院,2,matched,normalized_exact,iryojoho_hospital,automatic,care,津島市民病院,2302,海部,136.738023,35.173406,,0
愛知県,独立行政法人労働者健康福祉機構 中部ろうさい病院,2,unmatched,,,automatic,,,,,,,no_name_match,0
愛知県,独立行政法人国立病院機構 名古屋医療センター,1,matched,normalized_exact,iryojoho_hospital,automatic,care,独立行政法人国立病院機構　名古屋医療センター,2313,名古屋・尾張中部,136.90619,35.18348,,0
愛知県,独立行政法人地域医療機能推進機構 中京病院,2,matched,normalized_exact,iryojoho_hospital,automatic,care,独立行政法人地域医療機能推進機構　中京病院,2313,名古屋・尾張中部,136.901971,35.109932,,0
愛知県,社会医療法人明陽会 成田記念病院,2,matched,normalized_suffix,iryojoho_hospital,automatic,care,成田記念病院,2312,東三河南部,137.378448,34.758923,,0
愛知県,笠寺病院,1,matched,normalized_exact,iryojoho_hospital,automatic,care,医療法人笠寺病院,2313,名古屋・尾張中部,136.930358,35.098656,,0
愛知県,老人保健施設やすらぎ（内科）,1,unmatched,,,automatic,,,,,,,no_name_match,0
愛知県,藤田医科大学,6,matched,crosswalk,iryojoho_hospital,university_hospital,care,藤田医科大学病院,2304,尾張東部,,,,0
愛知県,藤田医科大学ばんたね病院,1,matched,normalized_exact,iryojoho_hospital,automatic,care,藤田医科大学ばんたね病院,2313,名古屋・尾張中部,136.890915,35.144512,,0
愛知県,藤田医科大学岡崎医療センター,1,matched,normalized_exact,iryojoho_hospital,automatic,care,藤田医科大学岡崎医療センター,2310,西三河南部東,137.150529,34.917946,,0
愛知県,西尾市民病院,1,matched,normalized_exact,iryojoho_hospital,automatic,care,西尾市民病院,2309,西三河南部西,137.06833,34.873822,,0
愛知県,西日本電信電話株式会社,1,unassignable,crosswalk,crosswalk,non_care_workplace,non_care,,,,,,no_location_for_non_care,0
愛知県,豊川市民病院,1,matched,normalized_exact,iryojoho_hospital,automatic,care,豊川市民病院,2312,東三河南部,137.351641,34.828443,,0
愛知県,豊田厚生病院,1,matched,normalized_suffix,iryojoho_hospital,automatic,care,愛知県厚生農業協同組合連合会　豊田厚生病院,2308,西三河北部,137.134091,35.120352,,0
愛知県,野田内科クリニック,1,matched,normalized_exact,iryojoho_clinic,automatic,care,野田内科クリニック,2312,東三河南部,137.431304,34.770478,,0
三重県,かいばな内科クリニック,1,matched,normalized_exact,iryojoho_clinic,automatic,care,かいばな内科クリニック,2410,松阪,136.534749,34.562647,,0
三重県,みずほ台クリニック,1,matched,normalized_exact,iryojoho_clinic,automatic,care,みずほ台クリニック,2407,鈴亀,136.4731,34.871168,,0
三重県,三重大学,8,matched,crosswalk,iryojoho_hospital,university_hospital,care,国立大学法人　三重大学医学部附属病院,2408,津,,,,0
三重県,三重県立一志病院,1,matched,normalized_exact,iryojoho_hospital,automatic,care,三重県立一志病院,2408,津,136.313765,34.626053,,0
三重県,三重県立総合医療センター,1,matched,normalized_exact,iryojoho_hospital,automatic,care,三重県立総合医療センター,2406,三泗,136.589699,34.943219,,0
三重県,伊勢ひかり病院,2,matched,normalized_suffix,iryojoho_hospital,automatic,care,医療法人全心会　伊勢ひかり病院,2411,伊勢志摩,136.698216,34.499982,,0
三重県,伊勢赤十字病院,3,matched,normalized_exact,iryojoho_hospital,automatic,care,伊勢赤十字病院,2411,伊勢志摩,136.712987,34.500546,,0
三重県,医療法人社団 山中胃腸科病院,1,matched,normalized_exact,iryojoho_hospital,automatic,care,医療法人社団　山中胃腸科病院,2406,三泗,136.587089,34.926221,,0
三重県,名張市立病院,1,matched,normalized_exact,iryojoho_hospital,automatic,care,名張市立病院,2409,伊賀,136.0982,34.608829,,0
三重県,市立伊勢総合病院,1,matched,normalized_exact,iryojoho_hospital,automatic,care,市立伊勢総合病院,2411,伊勢志摩,136.727626,34.482909,,0
三重県,施設掲載なし,1,unassignable,crosswalk,crosswalk,unassignable,,,,,,,,0
三重県,村瀬病院,1,matched,normalized_exact,iryojoho_hospital,automatic,care,村瀬病院,2407,鈴亀,136.584147,34.878448,,0
三重県,松坂厚生病院,1,unmatched,,,automatic,,,,,,,no_name_match,0
三重県,桑名市総合医療センター,1,matched,normalized_exact,iryojoho_hospital,automatic,care,桑名市総合医療センター,2405,桑員,136.68688,35.065291,,0
三重県,鈴鹿中央総合病院,1,matched,normalized_suffix,iryojoho_hospital,automatic,care,三重県厚生農業協同組合連合会　鈴鹿中央総合病院,2407,鈴亀,136.569953,34.865859,,0
三重県,鈴鹿医療科学大学,2,matched,crosswalk,iryojoho_hospital,university_hospital,care,鈴鹿医療科学大学附属桜の森病院,2407,鈴亀,,,,0
滋賀県,あさかぜ内科クリニック,1,unmatched,,,automatic,,,,,,,no_name_match,0
滋賀県,大津赤十字病院,1,matched,normalized_exact,iryojoho_hospital,automatic,care,大津赤十字病院,2501,大津,135.859786,35.007239,,0
滋賀県,市立大津市民病院,1,matched,normalized_exact,iryojoho_hospital,automatic,care,市立大津市民病院,2501,大津,135.876453,35.000406,,0
滋賀県,淡海医療センター,2,matched,normalized_suffix,iryojoho_hospital,automatic,care,社会医療法人　誠光会　淡海医療センター,2502,湖南,135.927226,35.011144,,0
滋賀県,滋賀医科大学,2,matched,crosswalk,iryojoho_hospital,university_hospital,care,滋賀医科大学医学部附属病院,2502,湖南,,,,0
滋賀県,滋賀県立総合病院,2,matched,normalized_exact,iryojoho_hospital,automatic,care,滋賀県立総合病院,2502,湖南,135.988231,35.061739,,0
滋賀県,荻野医院,1,matched,normalized_exact,iryojoho_clinic,automatic,care,荻野医院,2506,湖北,136.224231,35.509044,,0
京都府,京都トラベルIDクリニック,1,unmatched,,,automatic,,,,,,,no_name_match,0
京都府,京都大原記念病院,1,matched,normalized_suffix,ksj_p04,automatic,care,医療法人社団行陵会 　京都大原記念病院,2604,京都・乙訓,135.82202431398795,35.1036257672399,,0
京都府,京都大学,18,matched,crosswalk,iryojoho_hospital,university_hospital,care,京都大学医学部附属病院,2604,京都・乙訓,,,,0
京都府,京都市保健福祉局,1,unmatched,,,automatic,,,,,,,no_name_match,0
京都府,京都府立医科大学,4,matched,crosswalk,iryojoho_hospital,university_hospital,care,京都府立医科大学附属病院,2604,京都・乙訓,,,,0
京都府,京都東山老年サナトリウム,1,matched,normalized_suffix,ksj_p04,automatic,care,医療法人新生十全会 　京都東山老年サナトリウム,2604,京都・乙訓,135.79468733709854,35.000793502937974,,0
京都府,京都桂病院,1,matched,normalized_suffix,iryojoho_hospital,automatic,care,社会福祉法人　京都社会事業財団　京都桂病院,2604,京都・乙訓,135.687134,34.981953,,0
京都府,京都第一赤十字病院,3,matched,normalized_exact,iryojoho_hospital,automatic,care,京都第一赤十字病院,2604,京都・乙訓,135.773127,34.980954,,0
京都府,京都第二赤十字病院,1,matched,normalized_exact,iryojoho_hospital,automatic,care,京都第二赤十字病院,2604,京都・乙訓,135.756099,35.018978,,0
京都府,医療法人医仁会武田総合病院,1,matched,normalized_exact,iryojoho_hospital,automatic,care,医療法人　医仁会武田総合病院,2604,京都・乙訓,135.802404,34.938876,,0
京都府,医療法人社団医聖会 京都八幡病院,1,matched,normalized_exact,iryojoho_hospital,automatic,care,医療法人社団医聖会　京都八幡病院,2605,山城北,135.717025,34.874854,,0
京都府,医療法人祥風会 万代池みどりクリニック,1,unmatched,,,automatic,,,,,,,no_name_match,0
京都府,地方独立行政法人京都市立病院機構 京都市立病院,5,matched,normalized_exact,ksj_p04,automatic,care,地方独立行政法人京都市立病院機構 京都市立病院,2604,京都・乙訓,135.73507043437579,34.996994006118506,,0
京都府,新京都南病院,1,matched,normalized_exact,ksj_p04,automatic,care,新京都南病院,2604,京都・乙訓,135.73288517686728,34.98694483557363,,0
京都府,施設掲載なし,3,unassignable,crosswalk,crosswalk,unassignable,,,,,,,,0
京都府,日本パブテスト病院,1,unmatched,,,automatic,,,,,,,no_name_match,0
京都府,洛和会音羽病院,3,matched,normalized_suffix,iryojoho_hospital,automatic,care,医療法人社団洛和会　洛和会音羽病院,2604,京都・乙訓,135.829649,34.987816,,0
京都府,洛西ニュータウン病院,1,matched,normalized_suffix,iryojoho_hospital,automatic,care,医療法人清仁会　洛西ニュータウン病院,2604,京都・乙訓,135.673691,34.96701,,0
京都府,独立行政法人国立病院機構 京都医療センター,6,matched,normalized_exact,iryojoho_hospital,automatic,care,独立行政法人国立病院機構京都医療センター,2604,京都・乙訓,135.774322,34.953791,,0
大阪府,JCHO大阪病院,1,unmatched,,,automatic,,,,,,,no_name_match,0
大阪府,あさいこどもクリニック,1,matched,normalized_exact,iryojoho_clinic,automatic,care,あさいこどもクリニック,2708,大阪市,135.527799,34.71284,,0
大阪府,さわだクリニック,1,matched,normalized_exact,iryojoho_clinic,automatic,care,さわだクリニック,2708,大阪市,135.521385,34.657957,,0
大阪府,すぎた子どもクリニック,1,matched,normalized_exact,iryojoho_clinic,automatic,care,すぎた子どもクリニック,2702,三島,135.556097,34.818941,,0
大阪府,ながはら病院,1,matched,normalized_suffix,iryojoho_hospital,automatic,care,医療法人　清和会　ながはら病院,2704,中河内,135.587518,34.679761,,0
大阪府,はすい小児科,1,matched,normalized_exact,ksj_p04,automatic,care,はすい小児科,2703,北河内,135.58079324035802,34.747138269934155,,0
大阪府,キャップスクリニック長吉長原,1,unmatched,,,automatic,,,,,,,no_name_match,0
大阪府,一財）大阪府結核予防会大阪複十字病院,1,matched,normalized_suffix,iryojoho_hospital,automatic,care,一般財団法人大阪府結核予防会大阪複十字病院,2703,北河内,135.649898,34.756143,,0
大阪府,中島アレルギー・呼吸器内科クリニック,1,matched,normalized_exact,iryojoho_clinic,automatic,care,中島アレルギー・呼吸器内科クリニック,2708,大阪市,135.514081,34.645819,,0
大阪府,中浜医院,1,unmatched,,,automatic,,,,,,,multiple_candidates_in_pref,0
大阪府,八尾市立病院,1,matched,normalized_exact,iryojoho_hospital,automatic,care,八尾市立病院,2704,中河内,135.587159,34.620712,,0
大阪府,公益財団法人 田附興風会医学研究所北野病院,2,matched,normalized_exact,iryojoho_hospital,automatic,care,公益財団法人田附興風会　医学研究所北野病院,2708,大阪市,135.506801,34.705146,,0
大阪府,公益財団法人日本生命済生会 日本生命病院,1,matched,normalized_exact,iryojoho_hospital,automatic,care,公益財団法人　日本生命済生会　日本生命病院,2708,大阪市,135.484109,34.682343,,0
大阪府,医療法人 小野クリニック,1,unmatched,,,automatic,,,,,,,multiple_candidates_in_pref,0
大阪府,医療法人あかし内科クリニック,1,matched,normalized_exact,iryojoho_clinic,automatic,care,医療法人　あかし内科クリニック,2704,中河内,135.635963,34.562303,,0
大阪府,医療法人愛幸会 くまだ内科・小児科クリニック,1,matched,normalized_exact,iryojoho_clinic,automatic,care,医療法人　愛幸会　くまだ内科・小児科クリニック,2708,大阪市,135.47786,34.69012,,0
大阪府,医療法人真会 吉岡医院,1,matched,normalized_exact,iryojoho_clinic,automatic,care,医療法人　真会　吉岡医院,2703,北河内,135.60643,34.74756,,0
大阪府,医療法人誠心会 森口医院,1,matched,normalized_exact,iryojoho_clinic,automatic,care,医療法人　誠心会　森口医院,2703,北河内,135.564101,34.730339,,0
大阪府,友紘会総合病院,1,matched,normalized_suffix,iryojoho_hospital,automatic,care,医療法人友紘会　友紘会総合病院,2702,三島,135.526627,34.827939,,0
大阪府,国立循環器病研究センター,2,matched,normalized_exact,iryojoho_hospital,automatic,care,国立研究開発法人　国立循環器病研究センター,2701,豊能,135.540822,34.779361,,0
大阪府,堺市立総合医療センター,2,matched,normalized_exact,iryojoho_hospital,automatic,care,堺市立総合医療センター,2706,堺市,135.471284,34.539524,,0
大阪府,多根総合病院,1,matched,normalized_exact,iryojoho_hospital,automatic,care,多根総合病院,2708,大阪市,135.474361,34.668761,,0
大阪府,大阪はびきの医療センター,2,matched,normalized_suffix,iryojoho_hospital,automatic,care,地方独立行政法人　大阪府立病院機構　大阪はびきの医療センター,2705,南河内,135.590246,34.548664,,0
大阪府,大阪健康安全基盤研究所,1,matched,normalized_exact,ksj_p04,automatic,care,地方独立行政法人大阪健康安全基盤研究所,2708,大阪市,135.53522325005974,34.67985579741167,,0
大阪府,大阪公立大学,5,matched,crosswalk,iryojoho_hospital,university_hospital,care,大阪公立大学医学部附属病院,2708,大阪市,,,,0
大阪府,大阪医科薬科大学,2,matched,crosswalk,iryojoho_hospital,university_hospital,care,大阪医科薬科大学病院,2702,三島,,,,0
大阪府,大阪国際がんセンター,1,matched,normalized_suffix,iryojoho_hospital,automatic,care,地方独立行政法人　大阪府立病院機構　大阪国際がんセンター,2708,大阪市,135.520051,34.684649,,0
大阪府,大阪大学,14,matched,crosswalk,iryojoho_hospital,university_hospital,care,大阪大学医学部附属病院,2701,豊能,,,,0
大阪府,大阪市立十三市民病院,1,matched,normalized_exact,iryojoho_hospital,automatic,care,大阪市立十三市民病院,2708,大阪市,135.477191,34.728338,,0
大阪府,大阪市立総合医療センター,5,matched,normalized_exact,iryojoho_hospital,automatic,care,大阪市立総合医療センター,2708,大阪市,135.523772,34.707507,,0
大阪府,大阪府済生会 茨木病院,1,matched,normalized_exact,iryojoho_hospital,automatic,care,社会福祉法人恩賜財団大阪府済生会茨木病院,2702,三島,135.556125,34.821024,,0
大阪府,大阪府済生会中津病院,1,matched,normalized_suffix,iryojoho_hospital,automatic,care,社会福祉法人恩賜財団済生会支部大阪府済生会中津病院,2708,大阪市,135.495552,34.708201,,0
大阪府,大阪急性期・総合医療センター,2,matched,normalized_suffix,iryojoho_hospital,automatic,care,地方独立行政法人　大阪府立病院機構　大阪急性期・総合医療センター,2708,大阪市,135.505472,34.616572,,0
大阪府,大阪警察病院,1,unmatched,,,automatic,,,,,,,multiple_candidates_in_pref,0
大阪府,大阪赤十字病院,1,matched,normalized_exact,iryojoho_hospital,automatic,care,大阪赤十字病院,2708,大阪市,135.52544,34.664706,,0
大阪府,岸和田市民病院,1,matched,normalized_suffix,iryojoho_hospital,automatic,care,市立岸和田市民病院,2707,泉州,135.39596,34.461087,,0
大阪府,市立ひらかた病院,1,matched,normalized_exact,iryojoho_hospital,automatic,care,市立ひらかた病院,2703,北河内,135.657922,34.819998,,0
大阪府,常盤メディカルクリニック,1,matched,normalized_exact,iryojoho_clinic,automatic,care,常盤メディカルクリニック,2708,大阪市,135.518034,34.634114,,0
大阪府,杉本医院,1,unmatched,,,automatic,,,,,,,multiple_candidates_in_pref,0
大阪府,淀川キリスト教病院,1,matched,normalized_suffix,iryojoho_hospital,automatic,care,宗教法人　在日本南プレスビテリアンミッション　淀川キリスト教病院,2708,大阪市,135.512133,34.729866,,0
大阪府,独立行政法人りんくう総合医療センター,2,matched,normalized_exact,iryojoho_hospital,automatic,care,りんくう総合医療センター,2707,泉州,135.302776,34.412007,,0
大阪府,独立行政法人国立病院機構 大阪医療センター,3,matched,normalized_exact,iryojoho_hospital,automatic,care,独立行政法人国立病院機構大阪医療センター,2708,大阪市,135.519718,34.680094,,0
大阪府,独立行政法人国立病院機構 近畿中央呼吸器センター,1,matched,normalized_exact,iryojoho_hospital,automatic,care,独立行政法人国立病院機構　近畿中央呼吸器センター,2706,堺市,135.503113,34.570438,,0
大阪府,独立行政法人地域医療機能推進機構星ヶ丘医療センター,1,matched,normalized_exact,iryojoho_hospital,automatic,care,独立行政法人地域医療機能推進機構星ヶ丘医療センター,2703,北河内,135.667727,34.81136,,0
大阪府,畷生会脳神経外科病院,1,matched,normalized_suffix,iryojoho_hospital,automatic,care,社会医療法人　信愛会　畷生会脳神経外科病院,2703,北河内,135.63801,34.743339,,0
大阪府,社会医療法人啓仁会 咲花病院,1,matched,normalized_exact,iryojoho_hospital,automatic,care,社会医療法人啓仁会咲花病院,2707,泉州,135.4604,34.454533,,0
大阪府,社会医療法人若弘会 若草第一病院,1,matched,normalized_exact,iryojoho_hospital,automatic,care,社会医療法人若弘会若草第一病院,2704,中河内,135.634348,34.661042,,0
大阪府,社会福祉法人 石井記念愛染園附属愛染橋病院,1,matched,normalized_exact,iryojoho_hospital,automatic,care,社会福祉法人石井記念愛染園附属愛染橋病院,2708,大阪市,135.505025,34.65754,,0
大阪府,育和会記念病院,1,matched,normalized_suffix,iryojoho_hospital,automatic,care,医療法人育和会　育和会記念病院,2708,大阪市,135.555021,34.655875,,0
大阪府,船員保険大阪健康管理センター,1,matched,normalized_exact,ksj_p04,automatic,care,船員保険大阪健康管理センター,2708,大阪市,135.4350918,34.6538268,,0
大阪府,豊旺会 共立病院,1,matched,normalized_exact,iryojoho_hospital,automatic,care,医療法人豊旺会　共立病院,2708,大阪市,135.577299,34.611019,,0
大阪府,近畿大学,5,matched,crosswalk,iryojoho_hospital,university_hospital,care,学校法人近畿大学　近畿大学病院,2705,南河内,,,,0
大阪府,近鉄ｸﾞﾙｰﾌﾟ総合健康管理ｾﾝﾀｰ大阪健康管理ｾﾝﾀｰ診療所,1,matched,normalized_exact,ksj_p04,automatic,care,近鉄グループ総合健康管理センター　大阪健康管理センター　診療所,2708,大阪市,135.52243802243083,34.664531524435986,,0
大阪府,関西医科大学,4,matched,crosswalk,iryojoho_hospital,university_hospital,care,関西医科大学附属病院,2703,北河内,,,,0
大阪府,関西電力病院,1,matched,normalized_suffix,iryojoho_hospital,automatic,care,関西電力株式会社　関西電力病院,2708,大阪市,135.486803,34.692647,,0
兵庫県,たかのこどもクリニック,1,matched,normalized_exact,iryojoho_clinic,automatic,care,たかのこどもクリニック,2801,神戸,135.060201,34.663087,,0
兵庫県,たてクリニック,1,matched,normalized_exact,iryojoho_clinic,automatic,care,たてクリニック,2811,阪神,135.36545,34.723697,,0
兵庫県,よつば診療所東灘,1,unmatched,,,automatic,,,,,,,no_name_match,0
兵庫県,三菱電機モビリティ（株） 姫路事業所,1,unmatched,,,automatic,,,,,,,no_name_match,0
兵庫県,介護老人保健施設 神戸日の出苑,1,unmatched,,,automatic,,,,,,,no_name_match,0
兵庫県,光寿会城陽江尻病院,1,matched,normalized_suffix,iryojoho_hospital,automatic,care,城陽江尻病院,2812,播磨姫路,134.693613,34.821536,,0
兵庫県,公立豊岡病院,1,unmatched,,,automatic,,,,,,,no_name_match,0
兵庫県,兵庫医科大学,2,matched,crosswalk,iryojoho_hospital,university_hospital,care,兵庫医科大学病院,2811,阪神,,,,0
兵庫県,兵庫県立がんセンター,1,matched,normalized_exact,iryojoho_hospital,automatic,care,兵庫県立がんセンター,2804,東播磨,134.981624,34.657281,,0
兵庫県,兵庫県立こども病院,3,matched,normalized_exact,iryojoho_hospital,automatic,care,兵庫県立こども病院,2801,神戸,135.218299,34.662479,,0
兵庫県,兵庫県立はりま姫路総合医療センター,3,matched,normalized_exact,iryojoho_hospital,automatic,care,兵庫県立はりま姫路総合医療センター,2812,播磨姫路,134.701806,34.82648,,0
兵庫県,兵庫県立丹波医療センター,1,matched,normalized_exact,ksj_p04,automatic,care,兵庫県立　丹波医療センター,2809,丹波,135.05477569814474,35.14709671622707,,0
兵庫県,兵庫県立予防医学協会,1,unmatched,,,automatic,,,,,,,no_name_match,0
兵庫県,兵庫県立尼崎総合医療センター,1,matched,normalized_exact,iryojoho_hospital,automatic,care,兵庫県立尼崎総合医療センター,2811,阪神,135.41339,34.730003,,1
兵庫県,兵庫県立淡路医療センター,1,matched,normalized_exact,iryojoho_hospital,automatic,care,兵庫県立淡路医療センター,2810,淡路,134.877202,34.347395,,0
兵庫県,加古川中央市民病院,2,matched,normalized_exact,iryojoho_hospital,automatic,care,加古川中央市民病院,2804,東播磨,134.832576,34.771516,,0
兵庫県,北播磨総合医療センター,2,matched,normalized_exact,ksj_p04,automatic,care,北播磨総合医療センター,2805,北播磨,134.9516557,34.8316121,,0
兵庫県,医療法人 川崎病院,1,matched,normalized_exact,iryojoho_hospital,automatic,care,医療法人　川崎病院,2801,神戸,135.162997,34.680226,,0
兵庫県,医療法人社団 明石医療センター,3,matched,normalized_suffix,iryojoho_hospital,automatic,care,社会医療法人愛仁会　明石医療センター,2804,東播磨,134.937571,34.675,,0
兵庫県,大倉クリニック,1,matched,normalized_exact,iryojoho_clinic,automatic,care,大倉クリニック,2801,神戸,135.289817,34.727251,,0
兵庫県,尼崎だいもつ病院,1,matched,normalized_suffix,iryojoho_hospital,automatic,care,社会医療法人　愛仁会　尼崎だいもつ病院,2811,阪神,135.427945,34.717532,,0
兵庫県,尼崎総合医療センター,1,matched,normalized_suffix,iryojoho_hospital,automatic,care,兵庫県立尼崎総合医療センター,2811,阪神,135.41339,34.730003,,1
兵庫県,岩谷内科医院,1,matched,normalized_exact,iryojoho_clinic,automatic,care,岩谷内科医院,2801,神戸,135.274069,34.72164,,0
兵庫県,施設掲載なし,1,unassignable,crosswalk,crosswalk,unassignable,,,,,,,,0
兵庫県,明石仁十病院,1,matched,normalized_exact,iryojoho_hospital,automatic,care,明石仁十病院,2804,東播磨,134.90432,34.715794,,0
兵庫県,独立行政法人国立病院機構 姫路医療センター,2,matched,normalized_exact,iryojoho_hospital,automatic,care,独立行政法人国立病院機構姫路医療センター,2812,播磨姫路,134.6985,34.838728,,0
兵庫県,社会医療法人三栄会 ツカザキ病院,1,matched,normalized_exact,iryojoho_hospital,automatic,care,社会医療法人　三栄会　ツカザキ病院,2812,播磨姫路,134.590094,34.810091,,0
兵庫県,神戸大学,7,matched,crosswalk,iryojoho_hospital,university_hospital,care,神戸大学医学部附属病院,2801,神戸,,,,0
兵庫県,神戸市保健所,1,unmatched,,,automatic,,,,,,,no_name_match,0
兵庫県,神戸市立医療センター中央市民病院,4,matched,normalized_exact,iryojoho_hospital,automatic,care,神戸市立医療センター中央市民病院,2801,神戸,135.214743,34.65959,,0
兵庫県,神戸市立医療センター西市民病院,5,matched,normalized_exact,iryojoho_hospital,automatic,care,神戸市立医療センター　西市民病院,2801,神戸,135.156859,34.66731,,0
兵庫県,神戸常盤大学,1,unassignable,crosswalk,crosswalk,non_care_workplace,non_care,,,,,,no_location_for_non_care,0
兵庫県,神綱記念病院,1,unmatched,,,automatic,,,,,,,no_name_match,0
兵庫県,筒井小児科クリニック,1,unmatched,,,automatic,,,,,,,no_name_match,0
兵庫県,西宮渡辺病院,1,matched,normalized_suffix,iryojoho_hospital,automatic,care,社会医療法人渡邊高記念会西宮渡辺病院,2811,阪神,135.343145,34.744361,,0
兵庫県,西神戸医療センター,2,matched,normalized_suffix,iryojoho_hospital,automatic,care,神戸市立西神戸医療センター,2801,神戸,135.019035,34.716914,,0
兵庫県,酒井病院,1,unmatched,,,automatic,,,,,,,no_name_match,0
奈良県,医療法人厚生会 奈良厚生会病院,3,matched,normalized_exact,iryojoho_hospital,automatic,care,医療法人厚生会　奈良厚生会病院,2903,西和,135.768649,34.608295,,0
奈良県,医療法人和幸会 阪奈中央病院,1,matched,normalized_exact,iryojoho_hospital,automatic,care,医療法人和幸会阪奈中央病院,2903,西和,135.697306,34.706553,,0
奈良県,医療法人平成記念病院,1,matched,normalized_suffix,iryojoho_hospital,automatic,care,社会医療法人　平成記念会　平成記念病院,2904,中和,135.790508,34.504474,,0
奈良県,医療法人鴻池会 秋津鴻池病院,2,matched,normalized_exact,iryojoho_hospital,automatic,care,医療法人鴻池会　秋津鴻池病院,2904,中和,135.751486,34.450951,,0
奈良県,南奈良総合医療センター,2,matched,normalized_suffix,ksj_p04,automatic,care,南和広域医療企業団南奈良総合医療センター,2905,南和,135.75200606620362,34.39346437261673,,0
奈良県,善本内科クリニック,1,matched,normalized_exact,iryojoho_clinic,automatic,care,善本内科クリニック,2903,西和,135.790113,34.650332,,0
奈良県,大和高田市立病院,1,matched,normalized_exact,iryojoho_hospital,automatic,care,大和高田市立病院,2904,中和,135.736707,34.509945,,0
奈良県,天理よろづ相談所病院,1,matched,normalized_exact,iryojoho_hospital,automatic,care,公益財団法人　天理よろづ相談所病院,2902,東和,135.838555,34.602242,,0
奈良県,奈良県立医科大学,10,matched,crosswalk,iryojoho_hospital,university_hospital,care,奈良県立医科大学附属病院,2904,中和,,,,0
奈良県,奈良県総合医療センター,3,matched,normalized_exact,iryojoho_hospital,automatic,care,奈良県総合医療センター,2901,奈良,135.767532,34.662465,,0
奈良県,奈良県西和医療センター,1,matched,normalized_exact,iryojoho_hospital,automatic,care,奈良県西和医療センター,2903,西和,135.710483,34.601101,,0
奈良県,市立奈良病院,1,matched,normalized_exact,iryojoho_hospital,automatic,care,市立奈良病院,2901,奈良,135.835219,34.672623,,0
奈良県,施設掲載なし,1,unassignable,crosswalk,crosswalk,unassignable,,,,,,,,0
奈良県,田北病院,1,matched,normalized_exact,ksj_p04,automatic,care,田北病院,2903,西和,135.7759411,34.64592376,,0
奈良県,近畿大学医学部奈良病院,2,matched,crosswalk,iryojoho_hospital,university_hospital,care,近畿大学奈良病院,2903,西和,,,,0
和歌山県,つくし医療福祉センター,1,matched,normalized_suffix,ksj_p04,automatic,care,社会福祉法人　和歌山つくし会　つくし医療・福祉センター,3002,那賀,135.316352,34.26730143,,0
和歌山県,やまいり内科クリニック,1,unmatched,,,automatic,,,,,,,no_name_match,0
和歌山県,公立那賀病院,1,matched,normalized_exact,iryojoho_hospital,automatic,care,公立那賀病院,3002,那賀,135.366415,34.262885,,0
和歌山県,和歌山県立医科大学,4,matched,crosswalk,iryojoho_hospital,university_hospital,care,和歌山県立医科大学附属病院,3001,和歌山,,,,0
和歌山県,和歌山駅前つじもと内科・呼吸器内科アレルギー科,1,matched,normalized_exact,iryojoho_clinic,automatic,care,和歌山駅前つじもと内科・呼吸器内科アレルギー科,3001,和歌山,135.191904,34.234108,,0
和歌山県,日本赤十字社和歌山医療センター,5,matched,normalized_exact,iryojoho_hospital,automatic,care,日本赤十字社和歌山医療センター,3001,和歌山,135.168712,34.220303,,0
和歌山県,橋本市民病院,1,matched,normalized_exact,iryojoho_hospital,automatic,care,橋本市民病院,3003,橋本,135.634612,34.354214,,0
鳥取県,よねだクリニック,1,matched,normalized_exact,ksj_p04,automatic,care,よねだクリニック,3101,東部,134.0494994,35.5161019,,0
鳥取県,山陰労災病院,1,matched,normalized_exact,ksj_p04,automatic,care,山陰労災病院,3103,西部,133.3646531,35.45164889,,0
鳥取県,鳥取大学,3,matched,crosswalk,ksj_p04,university_hospital,care,鳥取大学医学部附属病院,3103,西部,,,,0
鳥取県,鳥取県立中央病院,2,matched,normalized_exact,iryojoho_hospital,automatic,care,鳥取県立中央病院,3101,東部,134.210386,35.523312,,0
島根県,島根大学医学部附属病院,1,matched,normalized_exact,ksj_p04,automatic,care,島根大学医学部附属病院,3203,出雲,132.7528103,35.3476964,,0
島根県,島根県立中央病院,4,matched,normalized_exact,ksj_p04,automatic,care,島根県立中央病院,3203,出雲,132.75458696073292,35.37505433991039,,0
島根県,松江市立病院,1,matched,normalized_exact,iryojoho_hospital,automatic,care,松江市立病院,3201,松江,133.055415,35.438666,,0
島根県,松江赤十字病院,1,matched,normalized_exact,iryojoho_hospital,automatic,care,松江赤十字病院,3201,松江,133.057046,35.470465,,0
島根県,独立行政法人国立病院機構 松江医療センター,1,matched,normalized_exact,iryojoho_hospital,automatic,care,独立行政法人国立病院機構　松江医療センター,3201,松江,133.064889,35.450411,,0
島根県,独立行政法人国立病院機構 浜田医療センター,1,matched,normalized_exact,iryojoho_hospital,automatic,care,独立行政法人国立病院機構　浜田医療センター,3205,浜田,132.087783,34.903505,,0
岡山県,おきもと内科と外科のクリニック,2,matched,normalized_exact,iryojoho_clinic,automatic,care,おきもと内科と外科のクリニック,3301,県南東部,133.969429,34.678714,,0
岡山県,しげい病院,1,matched,normalized_suffix,iryojoho_hospital,automatic,care,社会医療法人創和会しげい病院,3302,県南西部,133.773132,34.603549,,0
岡山県,倉敷中央病院,6,matched,normalized_suffix,iryojoho_hospital,automatic,care,公益財団法人大原記念倉敷中央医療機構　倉敷中央病院,3302,県南西部,133.775048,34.601771,,0
岡山県,岡山労災病院,1,matched,normalized_suffix,iryojoho_hospital,automatic,care,独立行政法人　労働者健康安全機構　岡山労災病院,3301,県南東部,133.932617,34.603636,,0
岡山県,岡山大学,4,matched,crosswalk,iryojoho_hospital,university_hospital,care,岡山大学病院,3301,県南東部,,,,0
岡山県,岡山市立市民病院,1,matched,normalized_exact,iryojoho_hospital,automatic,care,岡山市立市民病院,3301,県南東部,133.884009,34.651851,,0
岡山県,岡山市立総合医療センター,1,unmatched,,,automatic,,,,,,,no_name_match,0
岡山県,岡山赤十字病院,1,matched,normalized_exact,iryojoho_hospital,automatic,care,岡山赤十字病院,3301,県南東部,133.922756,34.634521,,0
岡山県,川崎医療福祉大学,1,unassignable,crosswalk,crosswalk,non_care_workplace,non_care,,,,,,no_location_for_non_care,0
岡山県,川崎医科大学,6,matched,crosswalk,iryojoho_hospital,university_hospital,care,川崎医科大学附属病院,3302,県南西部,,,,0
岡山県,川崎医科大学総合医療センター,3,matched,normalized_exact,iryojoho_hospital,automatic,care,川崎医科大学総合医療センター,3301,県南東部,133.92777,34.659618,,0
岡山県,施設掲載なし,1,unassignable,crosswalk,crosswalk,unassignable,,,,,,,,0
岡山県,木村医院,1,matched,normalized_exact,iryojoho_clinic,automatic,care,医療法人　木村医院,3302,県南西部,133.818405,34.608077,,0
岡山県,津山中央病院,1,matched,normalized_exact,iryojoho_hospital,automatic,care,津山中央病院,3305,津山・英田,134.039759,35.064752,,0
岡山県,独立行政法人国立病院機構岡山医療センター,1,matched,normalized_exact,iryojoho_hospital,automatic,care,独立行政法人国立病院機構岡山医療センター,3301,県南東部,133.899422,34.708012,,0
岡山県,石川病院,1,matched,normalized_exact,ksj_p04,automatic,care,石川病院,3305,津山・英田,134.0254151887542,35.06236570757295,,0
岡山県,笠岡第１病院,1,unmatched,,,automatic,,,,,,,no_name_match,0
岡山県,総合病院岡山協立病院,1,matched,normalized_exact,iryojoho_hospital,automatic,care,総合病院　岡山協立病院,3301,県南東部,133.937421,34.65113,,0
広島県,さかの小児科,1,matched,normalized_exact,iryojoho_clinic,automatic,care,さかの小児科,3401,広島,132.508064,34.379846,,0
広島県,のだ内科ファミリークリニック,1,matched,normalized_exact,iryojoho_clinic,automatic,care,のだ内科ファミリークリニック,3401,広島,132.392819,34.373671,,0
広島県,ビックフロント広島内科呼吸器科,1,unmatched,,,automatic,,,,,,,no_name_match,0
広島県,三原市医師会病院,1,matched,normalized_exact,iryojoho_hospital,automatic,care,三原市医師会病院,3405,尾三,133.064212,34.400187,,0
広島県,医療法人社団前野医院,1,matched,normalized_exact,iryojoho_clinic,automatic,care,医療法人社団　前野医院,3401,広島,132.507786,34.40026,,0
広島県,宇品家庭医療クリニック,1,unmatched,,,automatic,,,,,,,no_name_match,0
広島県,安芸市民病院,1,matched,normalized_suffix,iryojoho_hospital,automatic,care,広島市医師会運営・安芸市民病院,3401,広島,132.552514,34.392754,,0
広島県,広島国際大学,1,unassignable,crosswalk,crosswalk,non_care_workplace,non_care,,,,,,no_location_for_non_care,0
広島県,広島大学,9,matched,crosswalk,iryojoho_hospital,university_hospital,care,広島大学病院,3401,広島,,,,0
広島県,広島市区役所,1,unmatched,,,automatic,,,,,,,no_name_match,0
広島県,広島市立市民病院,1,unmatched,,,automatic,,,,,,,no_name_match,0
広島県,広島県感染症・疾病管理センター,1,unmatched,,,automatic,,,,,,,no_name_match,0
広島県,広島赤十字・原爆病院,1,matched,normalized_exact,iryojoho_hospital,automatic,care,広島赤十字・原爆病院,3401,広島,132.454152,34.380928,,0
広島県,施設掲載なし,1,unassignable,crosswalk,crosswalk,unassignable,,,,,,,,0
広島県,日野内科小児科クリニック,1,matched,normalized_exact,iryojoho_clinic,automatic,care,日野内科小児科クリニック,3406,福山・府中,133.389393,34.463204,,0
広島県,独立行政法人国立病院機構福山医療センター,2,matched,normalized_exact,iryojoho_hospital,automatic,care,独立行政法人国立病院機構　福山医療センター,3406,福山・府中,133.370711,34.47049,,0
広島県,県立広島病院,3,matched,normalized_exact,iryojoho_hospital,automatic,care,県立広島病院,3401,広島,132.466707,34.366874,,0
広島県,福山南病院,1,matched,normalized_suffix,iryojoho_hospital,automatic,care,医療法人紫苑会　福山南病院,3406,福山・府中,133.372903,34.443006,,0
山口県,くらしげ小児科,1,matched,normalized_exact,iryojoho_clinic,automatic,care,医療法人　くらしげ小児科,3504,山口・防府,131.574833,34.045333,,0
山口県,光市立大和総合病院,1,matched,normalized_exact,iryojoho_hospital,automatic,care,光市立大和総合病院,3503,周南,131.999778,33.982556,,0
山口県,医療法人社団 鈴木小児科医院,1,matched,normalized_exact,iryojoho_clinic,automatic,care,医療法人社団　鈴木小児科医院,3505,宇部・小野田,131.307472,33.957778,,0
山口県,周南保健福祉センター,1,matched,crosswalk,ksj_p04,renamed,non_care,山口県周南環境保健所,3503,周南,,,,0
山口県,地方独立行政法人下関市立市民病院,3,matched,normalized_exact,iryojoho_hospital,automatic,care,下関市立市民病院,3506,下関,130.930361,33.96625,,0
山口県,山口大学,2,matched,crosswalk,iryojoho_hospital,university_hospital,care,山口大学医学部附属病院,3505,宇部・小野田,,,,0
山口県,山口赤十字病院,1,matched,normalized_suffix,iryojoho_hospital,automatic,care,綜合病院　山口赤十字病院,3504,山口・防府,131.482583,34.18475,,0
山口県,施設掲載なし,1,unassignable,crosswalk,crosswalk,unassignable,,,,,,,,0
山口県,米海軍病院岩国診療所,1,unmatched,,,automatic,,,,,,,no_name_match,0
山口県,鼓ヶ浦こども医療福祉センター,1,unmatched,,,automatic,,,,,,,no_name_match,0
徳島県,TAOKAこころの医療センター,1,matched,normalized_exact,iryojoho_hospital,automatic,care,ＴＡＯＫＡこころの医療センター,3601,東部,134.575264,34.073029,,0
徳島県,倚山会 田岡病院,1,unmatched,,,automatic,,,,,,,no_name_match,0
徳島県,医療法人 矢田医院,1,matched,normalized_exact,iryojoho_clinic,automatic,care,医療法人　矢田医院,3601,東部,134.275278,34.063557,,0
徳島県,医療法人三成会 水の都記念病院,1,matched,normalized_suffix,iryojoho_hospital,automatic,care,水の都記念病院,3601,東部,134.518249,34.083501,,0
徳島県,医療法人平成博愛会 博愛記念病院,1,matched,normalized_suffix,iryojoho_hospital,automatic,care,博愛記念病院,3601,東部,134.551063,34.021506,,0
徳島県,医療法人明和会 たまき青空病院,1,matched,normalized_suffix,iryojoho_hospital,automatic,care,たまき青空病院,3601,東部,134.485788,34.072107,,0
徳島県,徳島健生病院,1,matched,normalized_exact,iryojoho_hospital,automatic,care,徳島健生病院,3601,東部,134.549947,34.082877,,0
徳島県,徳島大学病院,3,matched,normalized_exact,iryojoho_hospital,automatic,care,徳島大学病院,3601,東部,134.518195,34.076304,,0
徳島県,徳島県立中央病院,1,matched,normalized_exact,iryojoho_hospital,automatic,care,徳島県立中央病院,3601,東部,134.52041,34.075075,,0
徳島県,碩心館病院,1,matched,normalized_exact,iryojoho_hospital,automatic,care,碩心館病院,3603,南部,134.56376,34.014211,,0
徳島県,社会医療法人川島会 川島病院,1,unmatched,,,automatic,,,,,,,no_name_match,0
徳島県,米田医院ラングクリニック,1,unmatched,,,automatic,,,,,,,no_name_match,0
香川県,おかだ小児クリニック,1,matched,normalized_exact,iryojoho_clinic,automatic,care,医療法人社団おかだ小児クリニック,3707,西部,133.807017,34.272464,,0
香川県,医療法人 福生会多田羅内科クリニック,1,matched,normalized_exact,iryojoho_clinic,automatic,care,医療法人福生会　多田羅内科クリニック,3706,東部,134.042272,34.342849,,0
香川県,善通寺前田病院,1,matched,normalized_suffix,iryojoho_hospital,automatic,care,医療法人社団純心会　善通寺前田病院,3707,西部,133.764883,34.243244,,0
香川県,坂出市立病院,1,matched,normalized_exact,iryojoho_hospital,automatic,care,坂出市立病院,3707,西部,133.849428,34.317321,,0
香川県,施設掲載なし,1,unassignable,crosswalk,crosswalk,unassignable,,,,,,,,0
香川県,独立行政法人国立病院機構 四国こどもとおとなの医療センター,1,matched,normalized_exact,iryojoho_hospital,automatic,care,独立行政法人国立病院機構　四国こどもとおとなの医療センター,3707,西部,133.770928,34.228716,,0
香川県,緑会ザイタックスクリニック,1,matched,normalized_exact,iryojoho_clinic,automatic,care,医療法人社団緑会ザイタックスクリニック,3706,東部,134.040036,34.311659,,0
香川県,香川大学,5,matched,crosswalk,iryojoho_hospital,university_hospital,care,香川大学医学部附属病院,3706,東部,,,,0
香川県,香川県立中央病院,1,matched,normalized_exact,iryojoho_hospital,automatic,care,香川県立中央病院,3706,東部,134.062326,34.348682,,0
愛媛県,きはら内科クリニック,1,unmatched,,,automatic,,,,,,,no_name_match,0
愛媛県,こうの内科クリニック,1,matched,normalized_exact,iryojoho_clinic,automatic,care,こうの内科クリニック,3804,松山,132.725976,33.818031,,0
愛媛県,よしだ内科クリニック,1,matched,normalized_exact,iryojoho_clinic,automatic,care,よしだ内科クリニック,3804,松山,132.793233,33.833215,,0
愛媛県,介護老人保健施設垣生あいじゅ,1,unmatched,,,automatic,,,,,,,no_name_match,0
愛媛県,佐伯内科クリニック,1,matched,normalized_exact,iryojoho_clinic,automatic,care,佐伯内科クリニック,3804,松山,132.753819,33.84413,,0
愛媛県,医療法人くめ内科クリニック,1,matched,normalized_exact,iryojoho_clinic,automatic,care,くめ内科クリニック,3804,松山,132.727293,33.852989,,0
愛媛県,医療法人たんげ内科クリニック,1,matched,normalized_exact,iryojoho_clinic,automatic,care,たんげ内科クリニック,3804,松山,132.777235,33.809162,,0
愛媛県,医療法人恕風会 大洲記念病院,1,matched,normalized_suffix,iryojoho_hospital,automatic,care,大洲記念病院,3805,八幡浜・大洲,132.585486,33.532188,,0
愛媛県,愛媛大学,4,matched,crosswalk,iryojoho_hospital,university_hospital,care,愛媛大学医学部附属病院,3804,松山,,,,0
愛媛県,愛媛県立中央病院,2,matched,normalized_exact,iryojoho_hospital,automatic,care,愛媛県立中央病院,3804,松山,132.764929,33.831604,,0
愛媛県,愛媛県立今治病院,1,matched,normalized_exact,iryojoho_hospital,automatic,care,愛媛県立今治病院,3803,今治,132.986955,34.08558,,0
愛媛県,愛媛県立医療技術大学,1,unassignable,crosswalk,crosswalk,non_care_workplace,non_care,,,,,,no_location_for_non_care,0
愛媛県,愛媛県赤十字血液センター,1,matched,normalized_exact,ksj_p04,automatic,care,愛媛県赤十字血液センター,3804,松山,132.7263371,33.827416,,0
愛媛県,新居浜山内病院,1,matched,normalized_exact,iryojoho_hospital,automatic,care,新居浜山内病院,3802,新居浜・西条,133.278047,33.964293,,0
愛媛県,施設掲載なし,1,unassignable,crosswalk,crosswalk,unassignable,,,,,,,,0
愛媛県,松山赤十字病院,4,matched,normalized_exact,iryojoho_hospital,automatic,care,松山赤十字病院,3804,松山,132.774178,33.848463,,0
愛媛県,独立行政法人国立病院機構四国がんセンター,1,matched,normalized_exact,iryojoho_hospital,automatic,care,独立行政法人国立病院機構四国がんセンター,3804,松山,132.841286,33.79722,,0
愛媛県,鷹の子病院,1,matched,normalized_exact,iryojoho_hospital,automatic,care,鷹の子病院,3804,松山,132.815509,33.813356,,0
高知県,いの町立国民健康保険仁淀病院,1,matched,normalized_exact,iryojoho_hospital,automatic,care,いの町立国民健康保険仁淀病院,3902,中央,133.433513,33.547252,,0
高知県,独立行政法人国立病院機構 高知病院,3,matched,normalized_exact,iryojoho_hospital,automatic,care,独立行政法人国立病院機構高知病院,3902,中央,133.484345,33.542715,,0
高知県,社会医療法人近森会 近森病院,1,unmatched,,,automatic,,,,,,,no_name_match,0
高知県,高知大学,4,matched,crosswalk,iryojoho_hospital,university_hospital,care,高知大学医学部附属病院,3902,中央,,,,0
高知県,高知学園大学,1,unassignable,crosswalk,crosswalk,non_care_workplace,non_care,,,,,,no_location_for_non_care,0
高知県,高知県須崎福士保健所,1,matched,crosswalk,ksj_p04,renamed,non_care,高知県須崎保健所,3903,高幡,,,,0
福岡県,KARADA内科クリニック福岡天神,1,unmatched,,,automatic,,,,,,,no_name_match,0
福岡県,さわやま内科・総合診療クリニック,1,matched,normalized_exact,iryojoho_clinic,automatic,care,さわやま内科・総合診療クリニック,4001,福岡・糸島,130.410158,33.573931,,0
福岡県,つむらファミリークリニック,1,matched,normalized_exact,iryojoho_clinic,automatic,care,医療法人　つむらファミリークリニック,4006,久留米,130.548348,33.287896,,0
福岡県,みさき病院,1,matched,normalized_exact,iryojoho_hospital,automatic,care,みさき病院,4008,有明,130.441391,33.067601,,0
福岡県,やのクリニック,1,matched,normalized_exact,iryojoho_clinic,automatic,care,やのクリニック,4006,久留米,130.729136,33.345575,,0
福岡県,トヨマス内科医院,1,matched,normalized_exact,iryojoho_clinic,automatic,care,トヨマス内科医院,4008,有明,130.480138,33.063435,,0
福岡県,一般財団法人 平成紫川会 小倉記念病院,1,matched,normalized_suffix,iryojoho_hospital,automatic,care,小倉記念病院,4012,北九州,130.882468,33.890571,,0
福岡県,中島こうやクリニック,1,matched,normalized_exact,ksj_p04,automatic,care,医療法人中島こうやクリニック,4004,筑紫,130.43554353609647,33.51870466056406,,0
福岡県,久志本医院,1,matched,normalized_exact,iryojoho_clinic,automatic,care,久志本医院,4012,北九州,130.928241,33.896043,,0
福岡県,久留米中央病院,1,matched,normalized_exact,iryojoho_hospital,automatic,care,久留米中央病院,4006,久留米,130.509267,33.338988,,0
福岡県,久留米大学,7,matched,crosswalk,iryojoho_hospital,university_hospital,care,久留米大学病院,4006,久留米,,,,0
福岡県,九州大学,11,matched,crosswalk,iryojoho_hospital,university_hospital,care,九州大学病院,4001,福岡・糸島,,,,0
福岡県,二階堂内科呼吸器科クリニック,1,matched,normalized_suffix,iryojoho_clinic,automatic,care,医療法人おひさま　二階堂内科呼吸器科クリニック,4012,北九州,130.7154,33.878819,,0
福岡県,伊都こどもクリニック,1,matched,normalized_exact,iryojoho_clinic,automatic,care,伊都こどもクリニック,4001,福岡・糸島,130.259811,33.578956,,0
福岡県,佐藤こどもクリニック,1,matched,normalized_exact,iryojoho_clinic,automatic,care,佐藤こどもクリニック,4012,北九州,130.885719,33.852242,,0
福岡県,保健医療経営大学,1,unassignable,crosswalk,crosswalk,non_care_workplace,non_care,,,,,,no_location_for_non_care,0
福岡県,公益社団法人福岡医療団 千鳥橋病院,2,matched,normalized_suffix,iryojoho_hospital,automatic,care,千鳥橋病院,4001,福岡・糸島,130.412157,33.608094,,0
福岡県,公益財団法人健和会 健和会大手町病院,3,matched,normalized_suffix,iryojoho_hospital,automatic,care,健和会大手町病院,4012,北九州,130.870804,33.876238,,0
福岡県,北九州市保健福祉局保健所,1,matched,crosswalk,iryojoho_clinic,renamed,non_care,北九州市保健所,4012,北九州,,,,0
福岡県,北九州市立中央病院,1,unmatched,,,automatic,,,,,,,no_name_match,0
福岡県,北九州市立医療センター,3,matched,normalized_exact,iryojoho_hospital,automatic,care,北九州市立医療センター,4012,北九州,130.878635,33.879266,,0
福岡県,北九州市立病院機構,1,unmatched,,,automatic,,,,,,,no_name_match,0
福岡県,北九州市立門司病院,1,matched,normalized_exact,iryojoho_hospital,automatic,care,北九州市立門司病院,4012,北九州,130.940684,33.915847,,0
福岡県,北九州総合病院,1,matched,normalized_suffix,iryojoho_hospital,automatic,care,社会医療法人　北九州病院　北九州総合病院,4012,北九州,130.887691,33.85963,,0
福岡県,医療法人 成晴会 堤病院,1,matched,normalized_exact,iryojoho_hospital,automatic,care,医療法人　成晴会　堤病院,4012,北九州,130.633325,33.845516,,0
福岡県,医療法人 長井小児科医院,1,matched,normalized_exact,iryojoho_clinic,automatic,care,医療法人　長井小児科医院,4006,久留米,130.52035,33.310436,,0
福岡県,医療法人さかた小児科クリニック,1,matched,normalized_exact,iryojoho_clinic,automatic,care,医療法人さかた小児科クリニック,4006,久留米,130.553874,33.315158,,0
福岡県,医療法人みらい 今立内科クリニック,1,matched,normalized_exact,iryojoho_clinic,automatic,care,医療法人　みらい今立内科クリニック,4006,久留米,130.521017,33.296243,,0
福岡県,医療法人信和会福岡信和病院,1,matched,normalized_suffix,iryojoho_hospital,automatic,care,福岡信和病院,4001,福岡・糸島,130.405138,33.54725,,0
福岡県,医療法人原三信病院,2,matched,normalized_exact,iryojoho_hospital,automatic,care,医療法人　原三信病院,4001,福岡・糸島,130.405241,33.601678,,0
福岡県,医療法人平田内科胃腸科クリニック,1,matched,normalized_exact,iryojoho_clinic,automatic,care,医療法人　平田内科・胃腸科クリニック,4001,福岡・糸島,130.36844,33.582096,,0
福岡県,医療法人徳洲会 福岡徳洲会病院,1,matched,normalized_exact,iryojoho_hospital,automatic,care,医療法人徳洲会　福岡徳洲会病院,4004,筑紫,130.446939,33.5441,,0
福岡県,医療法人愛風会 さく病院,1,unmatched,,,automatic,,,,,,,no_name_match,0
福岡県,医療法人田中地平小児科,1,matched,normalized_exact,iryojoho_clinic,automatic,care,医療法人　田中地平小児科,4006,久留米,130.510824,33.288771,,0
福岡県,医療法人白翠園 春日病院,1,matched,normalized_exact,iryojoho_hospital,automatic,care,医療法人　白翠園春日病院,4001,福岡・糸島,130.291169,33.578512,,0
福岡県,医療法人社団高邦会 高木病院,1,matched,normalized_exact,iryojoho_hospital,automatic,care,医療法人社団高邦会　高木病院,4006,久留米,130.380047,33.206493,,0
福岡県,医療法人芙蓉会 筑紫南ヶ丘病院,1,matched,normalized_exact,iryojoho_hospital,automatic,care,医療法人　芙蓉会　筑紫南ヶ丘病院,4004,筑紫,130.475737,33.506246,,0
福岡県,古賀内科・呼吸器内科クリニック,1,matched,normalized_exact,iryojoho_clinic,automatic,care,古賀内科・呼吸器内科クリニック,4005,朝倉,130.725024,33.387348,,0
福岡県,国家公務員共済組合連合会 浜の町病院,4,matched,normalized_exact,iryojoho_hospital,automatic,care,国家公務員共済組合連合会浜の町病院,4001,福岡・糸島,130.393631,33.596401,,0
福岡県,国家公務員共済組合連合会新小倉病院,1,matched,normalized_exact,iryojoho_hospital,automatic,care,国家公務員共済組合連合会　新小倉病院,4012,北九州,130.866553,33.878516,,0
福岡県,国立病院機構 福岡病院,2,matched,normalized_exact,iryojoho_hospital,automatic,care,独立行政法人国立病院機構　福岡病院,4001,福岡・糸島,130.408743,33.534714,,0
福岡県,国立病院機構福岡東医療センター,2,matched,normalized_exact,iryojoho_hospital,automatic,care,独立行政法人国立病院機構福岡東医療センター,4002,粕屋,130.476648,33.739664,,0
福岡県,地方独立行政法人 川崎町立病院,1,matched,normalized_exact,iryojoho_hospital,automatic,care,地方独立行政法人川崎町立病院,4011,田川,130.815149,33.580077,,0
福岡県,大博通り内科・総合診療クリニック,1,matched,normalized_exact,iryojoho_clinic,automatic,care,大博通り内科・総合診療クリニック,4001,福岡・糸島,130.412448,33.595124,,0
福岡県,大神内科クリニック,1,matched,normalized_exact,iryojoho_clinic,automatic,care,大神内科クリニック,4001,福岡・糸島,130.352635,33.581291,,0
福岡県,小波瀬病院,1,matched,normalized_suffix,iryojoho_hospital,automatic,care,社会医療法人　陽明会　小波瀬病院,4013,京築,130.971103,33.752561,,0
福岡県,嶋田病院,1,matched,normalized_exact,iryojoho_hospital,automatic,care,嶋田病院,4006,久留米,130.5544,33.396066,,0
福岡県,戸畑総合病院,2,matched,normalized_suffix,iryojoho_hospital,automatic,care,医療法人医和基会　戸畑総合病院,4012,北九州,130.832612,33.881182,,0
福岡県,新古賀みなみ病院,1,unmatched,,,automatic,,,,,,,no_name_match,0
福岡県,新古賀病院,2,matched,normalized_exact,iryojoho_hospital,automatic,care,新古賀病院,4006,久留米,130.520683,33.309991,,0
福岡県,施設掲載なし,1,unassignable,crosswalk,crosswalk,unassignable,,,,,,,,0
福岡県,日野医院,1,matched,normalized_exact,iryojoho_clinic,automatic,care,日野医院,4006,久留米,130.693111,33.343463,,0
福岡県,朝倉医師会病院,1,matched,normalized_exact,iryojoho_hospital,automatic,care,朝倉医師会病院,4005,朝倉,130.665584,33.411094,,0
福岡県,東油山クリニック,1,matched,normalized_exact,iryojoho_clinic,automatic,care,東油山クリニック,4001,福岡・糸島,130.381495,33.540296,,0
福岡県,株式会社リチェルクリニカ,1,unassignable,crosswalk,crosswalk,non_care_workplace,non_care,,,,,,no_location_for_non_care,0
福岡県,桜坂いろりクリニック,1,unmatched,,,automatic,,,,,,,no_name_match,0
福岡県,法務省 福岡刑務所,1,unmatched,,,automatic,,,,,,,no_name_match,0
福岡県,済生会福岡総合病院,1,matched,normalized_suffix,iryojoho_hospital,automatic,care,福岡県済生会福岡総合病院,4001,福岡・糸島,130.402356,33.589362,,0
福岡県,特定医療法人原土井病院,4,matched,normalized_exact,iryojoho_hospital,automatic,care,原土井病院,4001,福岡・糸島,130.468484,33.644674,,0
福岡県,独立行政法人国立病院機構 九州医療センター,6,matched,normalized_exact,iryojoho_hospital,automatic,care,独立行政法人国立病院機構　九州医療センター,4001,福岡・糸島,130.360857,33.592428,,0
福岡県,独立行政法人地域医療機能推進機構久留米総合病院,1,matched,normalized_exact,iryojoho_hospital,automatic,care,独立行政法人地域医療機能推進機構　久留米総合病院,4006,久留米,130.513466,33.318412,,0
福岡県,産業医科大学,9,matched,crosswalk,iryojoho_hospital,university_hospital,care,産業医科大学病院,4012,北九州,,,,0
福岡県,田川市立病院,1,matched,normalized_exact,iryojoho_hospital,automatic,care,田川市立病院,4011,田川,130.799488,33.659417,,0
福岡県,社会医療法人原土井病院 みどりのクリニック,1,matched,normalized_suffix,iryojoho_clinic,automatic,care,みどりのクリニック,4001,福岡・糸島,130.475226,33.636904,,0
福岡県,社会医療法人雪の聖母会 聖マリア病院,3,matched,normalized_suffix,iryojoho_hospital,automatic,care,聖マリア病院,4006,久留米,130.509157,33.304409,,0
福岡県,福岡大学,4,matched,normalized_exact,ksj_p04,automatic,care,福岡大学,4001,福岡・糸島,130.419406842873,33.58891456896942,,0
福岡県,福岡大学筑紫病院,2,matched,normalized_exact,iryojoho_hospital,automatic,care,福岡大学筑紫病院,4004,筑紫,130.532261,33.482111,,0
福岡県,福岡市民病院,2,matched,normalized_exact,iryojoho_hospital,automatic,care,福岡市民病院,4001,福岡・糸島,130.422169,33.604595,,0
福岡県,福岡市立こども病院,2,matched,normalized_suffix,iryojoho_hospital,automatic,care,地方独立行政法人　福岡市立病院機構　福岡市立こども病院,4001,福岡・糸島,130.418689,33.662374,,0
福岡県,福岡歯科大学,1,matched,crosswalk,iryojoho_hospital,university_hospital,care,福岡歯科大学医科歯科総合病院,4001,福岡・糸島,,,,0
福岡県,福岡県済生会二日市病院,1,matched,normalized_suffix,iryojoho_hospital,automatic,care,社会福祉法人恩賜財団済生会支部　福岡県済生会二日市病院,4004,筑紫,130.51554,33.488749,,0
福岡県,福岡記念病院,1,matched,normalized_exact,iryojoho_hospital,automatic,care,福岡記念病院,4001,福岡・糸島,130.362807,33.584999,,0
福岡県,福岡赤十字病院,2,matched,normalized_exact,iryojoho_hospital,automatic,care,福岡赤十字病院,4001,福岡・糸島,130.413852,33.572209,,0
福岡県,糸田町立緑ヶ丘病院,1,matched,normalized_exact,iryojoho_hospital,automatic,care,糸田町立緑ヶ丘病院,4011,田川,130.782511,33.65854,,0
福岡県,船員保険 福岡健康管理センター,1,matched,normalized_exact,iryojoho_clinic,automatic,care,船員保険福岡健康管理センター,4001,福岡・糸島,130.436266,33.620288,,0
福岡県,西福岡病院,2,matched,normalized_exact,iryojoho_hospital,automatic,care,医療法人　西福岡病院,4001,福岡・糸島,130.296668,33.576984,,0
福岡県,遠賀中間医師会おかがき病院,1,matched,normalized_exact,iryojoho_hospital,automatic,care,遠賀中間医師会おかがき病院,4012,北九州,130.587912,33.873761,,0
福岡県,鞍手協立病院,1,unmatched,,,automatic,,,,,,,no_name_match,0
福岡県,飯塚市立病院,1,matched,normalized_exact,iryojoho_hospital,automatic,care,飯塚市立病院,4009,飯塚,130.652635,33.619958,,0
福岡県,飯塚病院,4,matched,normalized_exact,ksj_p04,automatic,care,飯塚病院,4009,飯塚,130.6912851,33.64216832,,0
福岡県,香月内科医院,1,matched,normalized_suffix,ksj_p04,automatic,care,（医）香月内科医院,4010,直方・鞍手,130.7487031020309,33.728946697579836,,0
佐賀県,たんぽぽクリニック,1,matched,normalized_exact,iryojoho_clinic,automatic,care,たんぽぽクリニック,4101,中部,130.290263,33.270214,,0
佐賀県,やまだ小児科クリニック,1,matched,normalized_exact,iryojoho_clinic,automatic,care,医療法人やまだ小児科クリニック,4102,東部,130.426944,33.318656,,0
佐賀県,佐賀大学,3,matched,crosswalk,iryojoho_hospital,university_hospital,care,佐賀大学医学部附属病院,4101,中部,,,,0
佐賀県,医療法人 ひらまつ病院,1,matched,normalized_exact,iryojoho_hospital,automatic,care,医療法人ひらまつ病院,4101,中部,130.200974,33.298081,,0
佐賀県,医療法人大和正信会 ふじおか病院,1,matched,normalized_suffix,iryojoho_hospital,automatic,care,ふじおか病院,4101,中部,130.283152,33.307154,,0
佐賀県,医療法人至誠会 なわたの森病院,1,unmatched,,,automatic,,,,,,,no_name_match,0
佐賀県,唐津東松浦医師会医療センター,1,matched,normalized_exact,iryojoho_hospital,automatic,care,唐津東松浦医師会医療センター,4103,北部,129.974815,33.44866,,0
佐賀県,啓心会病院,1,matched,normalized_suffix,iryojoho_hospital,automatic,care,医療法人啓心会　啓心会病院,4102,東部,130.5341,33.379428,,0
佐賀県,地方独立行政法人 佐賀県医療センター 好生館,2,matched,normalized_exact,iryojoho_hospital,automatic,care,地方独立行政法人　佐賀県医療センター好生館,4101,中部,130.267639,33.2412,,0
佐賀県,宮原医院,1,matched,normalized_exact,iryojoho_clinic,automatic,care,宮原医院,4102,東部,130.450136,33.324794,,0
佐賀県,敬天堂古賀病院,1,matched,normalized_exact,iryojoho_hospital,automatic,care,医療法人　敬天堂　古賀病院,4105,南部,130.137509,33.218486,,0
佐賀県,施設掲載なし,1,unassignable,crosswalk,crosswalk,unassignable,,,,,,,,0
佐賀県,江口病院,1,matched,normalized_exact,iryojoho_hospital,automatic,care,江口病院,4101,中部,130.228857,33.259857,,0
長崎県,ともなが内科クリニック,1,matched,normalized_exact,iryojoho_clinic,automatic,care,医療法人ともなが内科クリニック,4203,県央,129.95456,32.914648,,0
長崎県,サン・レモ リハビリ病院,2,matched,normalized_exact,iryojoho_hospital,automatic,care,サン・レモ　リハビリ病院,,,129.784585,33.069125,,0
長崎県,佐世保国際通り病院,1,matched,normalized_suffix,iryojoho_hospital,automatic,care,医療法人　心々和会　佐世保国際通り病院,4202,佐世保県北,129.717488,33.175715,,0
長崎県,医療法人 光晴会病院,1,matched,normalized_exact,iryojoho_hospital,automatic,care,特定医療法人光晴会病院,4201,長崎,129.852204,32.804056,,0
長崎県,医療法人 成田内科医院,1,matched,normalized_exact,iryojoho_clinic,automatic,care,成田内科医院,4201,長崎,129.88015,32.81918,,0
長崎県,医療法人かわむら内科,1,matched,normalized_exact,iryojoho_clinic,automatic,care,医療法人かわむら内科,4202,佐世保県北,129.646796,33.235152,,0
長崎県,医療法人伴帥会 愛野記念病院,2,matched,normalized_suffix,ksj_p04,automatic,care,愛野記念病院,4204,県南,130.1578353,32.81897135,,0
長崎県,医療法人光善会 長崎百合野病院,1,matched,normalized_suffix,iryojoho_hospital,automatic,care,長崎百合野病院,4201,長崎,129.849673,32.814747,,0
長崎県,医療法人厚生会 道ノ尾病院,1,matched,normalized_suffix,iryojoho_hospital,automatic,care,道ノ尾病院,4201,長崎,129.846327,32.798477,,0
長崎県,医療法人昭和会昭和会病院,1,matched,normalized_exact,iryojoho_hospital,automatic,care,医療法人　昭和会　昭和会病院,4201,長崎,129.873091,32.736753,,0
長崎県,医療法人栄和会 泉川病院,2,unmatched,,,automatic,,,,,,,no_name_match,0
長崎県,十善会病院,1,matched,normalized_exact,iryojoho_hospital,automatic,care,十善会病院,4201,長崎,129.858956,32.760698,,0
長崎県,千住病院,1,unmatched,,,automatic,,,,,,,no_name_match,0
長崎県,地方独立行政法人 佐世保市総合医療センター,3,matched,normalized_exact,iryojoho_hospital,automatic,care,地方独立行政法人　佐世保市総合医療センター,4202,佐世保県北,129.716043,33.172899,,0
長崎県,地方独立行政法人長崎市立病院機構,1,unmatched,,,automatic,,,,,,,no_name_match,0
長崎県,市立大村市民病院,1,matched,normalized_exact,iryojoho_hospital,automatic,care,市立大村市民病院,4203,県央,129.946013,32.924979,,0
長崎県,日本赤十字社 長崎原爆諫早病院,3,matched,normalized_exact,iryojoho_hospital,automatic,care,日本赤十字社長崎原爆諫早病院,4203,県央,129.983442,32.826204,,0
長崎県,日本赤十字社長崎原爆病院,1,matched,normalized_exact,iryojoho_hospital,automatic,care,日本赤十字社長崎原爆病院,4201,長崎,129.862573,32.765181,,0
長崎県,杏林病院,1,unmatched,,,automatic,,,,,,,no_name_match,0
長崎県,独立行政法人国立病院機構 長崎医療センター,2,matched,normalized_exact,iryojoho_hospital,automatic,care,独立行政法人国立病院機構長崎医療センター,4203,県央,129.972812,32.895502,,0
長崎県,社会医療法人三佼会 宮崎病院,1,matched,normalized_exact,iryojoho_hospital,automatic,care,社会医療法人三佼会　宮崎病院,4203,県央,130.002124,32.830542,,0
長崎県,社会医療法人春回会 井上病院,2,unmatched,,,automatic,,,,,,,no_name_match,0
長崎県,社会福祉法人 真和会,1,unmatched,,,automatic,,,,,,,no_name_match,0
長崎県,福田外科病院,1,matched,normalized_exact,iryojoho_hospital,automatic,care,福田外科病院,4202,佐世保県北,129.740497,33.161341,,0
長崎県,草野内科医院,1,matched,normalized_suffix,iryojoho_clinic,automatic,care,医療法人光風会　草野内科医院,4203,県央,130.043863,32.852652,,0
長崎県,虹が丘病院,1,matched,normalized_suffix,iryojoho_hospital,automatic,care,医療法人厚生会虹が丘病院,4201,長崎,129.846327,32.798477,,0
長崎県,長崎みなとメディカルセンター市民病院,2,unmatched,,,automatic,,,,,,,no_name_match,0
長崎県,長崎労災病院,3,matched,normalized_suffix,iryojoho_hospital,automatic,care,独立行政法人労働者健康安全機構長崎労災病院,4202,佐世保県北,129.73282,33.20976,,0
長崎県,長崎大学,32,matched,crosswalk,iryojoho_hospital,university_hospital,care,長崎大学病院,4201,長崎,,,,0
長崎県,長崎県五島中央病院,1,matched,normalized_exact,iryojoho_hospital,automatic,care,長崎県五島中央病院,4206,五島,128.817031,32.690022,,0
長崎県,長崎県健康事業団,1,matched,normalized_exact,ksj_p04,automatic,care,公益財団法人　長崎県健康事業団,4203,県央,129.9835066,32.8277354,,0
長崎県,長崎県島原病院,1,matched,normalized_exact,iryojoho_hospital,automatic,care,長崎県島原病院,4204,県南,130.367622,32.769375,,0
長崎県,長崎記念病院,1,matched,normalized_exact,iryojoho_hospital,automatic,care,長崎記念病院,4201,長崎,129.83345,32.685444,,0
熊本県,くまもと南部広域病院,1,matched,normalized_exact,iryojoho_hospital,automatic,care,くまもと南部広域病院,4312,熊本・上益城,130.751145,32.716668,,0
熊本県,くまもと森都総合病院,1,matched,normalized_exact,iryojoho_hospital,automatic,care,くまもと森都総合病院,4312,熊本・上益城,130.718407,32.801345,,0
熊本県,国立病院機構熊本再春医療センター,2,matched,normalized_exact,iryojoho_hospital,automatic,care,独立行政法人国立病院機構　熊本再春医療センター,4305,菊池,130.749664,32.879515,,0
熊本県,堀尾内科医院,1,matched,normalized_exact,iryojoho_clinic,automatic,care,堀尾内科医院,4312,熊本・上益城,130.587759,32.829546,,0
熊本県,水俣市立総合医療センター,1,matched,normalized_suffix,iryojoho_hospital,automatic,care,国保水俣市立総合医療センター,4309,芦北,130.405917,32.210077,,0
熊本県,済生会熊本病院,3,matched,normalized_exact,iryojoho_hospital,automatic,care,社会福祉法人恩賜財団済生会熊本病院,4312,熊本・上益城,130.700977,32.765264,,0
熊本県,熊本セントラル病院,1,matched,normalized_exact,iryojoho_hospital,automatic,care,熊本セントラル病院,4305,菊池,130.832342,32.878382,,0
熊本県,熊本中央病院,1,matched,normalized_exact,iryojoho_hospital,automatic,care,熊本中央病院,4312,熊本・上益城,130.724818,32.770309,,0
熊本県,熊本大学,5,matched,crosswalk,iryojoho_hospital,university_hospital,care,熊本大学病院,4312,熊本・上益城,,,,0
熊本県,熊本市立市民病院,2,unmatched,,,automatic,,,,,,,no_name_match,0
熊本県,熊本赤十字病院,4,matched,normalized_exact,iryojoho_hospital,automatic,care,熊本赤十字病院,4312,熊本・上益城,130.763433,32.808112,,0
熊本県,独立行政法人国立病院機構 熊本医療センター,2,matched,normalized_exact,iryojoho_hospital,automatic,care,国立病院機構熊本医療センター,4312,熊本・上益城,130.700289,32.804147,,0
熊本県,菊池中央病院,1,matched,normalized_exact,iryojoho_hospital,automatic,care,菊池中央病院,4305,菊池,130.806992,32.979591,,0
大分県,JA大分 大分県厚生連 鶴見病院,1,matched,normalized_suffix,iryojoho_hospital,automatic,care,大分県厚生連鶴見病院,4401,東部,131.49004,33.297821,,0
大分県,わさだケアセンター,1,unmatched,,,automatic,,,,,,,no_name_match,0
大分県,伊藤内科医院,1,matched,normalized_exact,iryojoho_clinic,automatic,care,伊藤内科医院,4403,中部,131.583295,33.211727,,0
大分県,大分リハビリテーション病院,1,matched,normalized_exact,iryojoho_hospital,automatic,care,大分リハビリテーション病院,4403,中部,131.705818,33.239944,,0
大分県,大分医療センター,1,matched,normalized_suffix,iryojoho_hospital,automatic,care,独立行政法人国立病院機構　大分医療センター,4403,中部,131.721012,33.252632,,0
大分県,大分大学,5,matched,crosswalk,iryojoho_hospital,university_hospital,care,大分大学医学部附属病院,4403,中部,,,,0
大分県,大分県立病院,2,matched,normalized_exact,iryojoho_hospital,automatic,care,大分県立病院,4403,中部,131.599079,33.206516,,0
大分県,天心堂へつぎ病院,1,matched,normalized_exact,iryojoho_hospital,automatic,care,社会医療法人財団　天心堂　へつぎ病院,4403,中部,131.657013,33.158275,,0
大分県,施設掲載なし,3,unassignable,crosswalk,crosswalk,unassignable,,,,,,,,0
大分県,社会保険診療報酬支払基金 大分事務所,1,unmatched,,,automatic,,,,,,,no_name_match,0
大分県,豊後大野市民病院,1,matched,normalized_exact,iryojoho_hospital,automatic,care,豊後大野市民病院,4406,豊肥,131.476212,32.969883,,0
大分県,長門記念病院,1,matched,normalized_suffix,iryojoho_hospital,automatic,care,社会医療法人　長門莫記念会　長門記念病院,4405,南部,131.881739,32.959382,,0
宮崎県,こむら内科医院,1,matched,normalized_exact,iryojoho_clinic,automatic,care,こむら内科医院,4501,宮崎東諸県,131.343454,31.940098,,0
宮崎県,むらい内科クリニック,1,matched,normalized_exact,iryojoho_clinic,automatic,care,医療法人　むらい内科クリニック,4501,宮崎東諸県,131.441456,31.925719,,0
宮崎県,公益財団法人宮崎県健康づくり協会,1,unmatched,,,automatic,,,,,,,no_name_match,0
宮崎県,医療法人愛生会 くすもと内科クリニック,1,matched,normalized_exact,iryojoho_clinic,automatic,care,医療法人愛生会くすもと内科クリニック,4505,西諸,131.001134,31.971356,,0
宮崎県,医療法人慈光会 宮崎若久病院,1,matched,normalized_exact,iryojoho_hospital,automatic,care,医療法人慈光会　宮崎若久病院,4501,宮崎東諸県,131.40337,31.908484,,0
宮崎県,医療法人財団志清会 阿波岐ヶ原病院,1,matched,normalized_exact,iryojoho_hospital,automatic,care,医療法人財団志清会阿波岐ヶ原病院,4501,宮崎東諸県,131.462565,31.939845,,0
宮崎県,古賀総合病院,1,matched,normalized_exact,iryojoho_hospital,automatic,care,古賀総合病院,4501,宮崎東諸県,131.411028,31.971919,,0
宮崎県,国立病院機構 都城医療センター,1,matched,normalized_exact,iryojoho_hospital,automatic,care,独立行政法人国立病院機構都城医療センター,4502,都城北諸県,131.085428,31.73955,,0
宮崎県,宮崎大学,5,matched,crosswalk,iryojoho_hospital,university_hospital,care,宮崎大学医学部附属病院,4501,宮崎東諸県,,,,0
宮崎県,宮崎生協病院,1,matched,normalized_exact,iryojoho_hospital,automatic,care,宮崎生協病院,4501,宮崎東諸県,131.438822,31.938067,,0
宮崎県,宮崎県立宮崎病院,6,matched,normalized_suffix,iryojoho_hospital,automatic,care,県立宮崎病院,4501,宮崎東諸県,131.416544,31.916378,,0
宮崎県,愛泉会日南病院,1,matched,normalized_exact,iryojoho_hospital,automatic,care,愛泉会日南病院,4504,日南串間,131.420364,31.610132,,0
宮崎県,独立行政法人国立病院機構 宮崎東病院,1,matched,normalized_exact,iryojoho_hospital,automatic,care,独立行政法人国立病院機構　宮崎東病院,4501,宮崎東諸県,131.445143,31.869063,,0
鹿児島県,よしのぶクリニック,1,matched,normalized_exact,ksj_p04,automatic,care,よしのぶクリニック,4601,鹿児島,130.54913692499585,31.563354433515528,,0
鹿児島県,医療法人社団一廣会 福山内科,1,unmatched,,,automatic,,,,,,,no_name_match,0
鹿児島県,林田内科,1,matched,normalized_exact,iryojoho_clinic,automatic,care,医療法人　林田内科,4605,川薩,130.45415,31.906351,,0
鹿児島県,済生会鹿児島病院,1,matched,normalized_suffix,iryojoho_hospital,automatic,care,鹿児島厚生連病院,4601,鹿児島,130.567123,31.572052,,0
鹿児島県,県民健康プラザ鹿屋医療センター,1,matched,normalized_exact,iryojoho_hospital,automatic,care,県民健康プラザ鹿屋医療センタ－,4610,肝属,130.869359,31.393211,,0
鹿児島県,社会福祉法人内之浦会 吉重クリニック,1,matched,normalized_suffix,ksj_p04,automatic,care,吉重クリニック,4610,肝属,131.0554778,31.2800825,,0
鹿児島県,総合病院鹿児島生協病院,4,matched,normalized_exact,iryojoho_hospital,automatic,care,総合病院　鹿児島生協病院,4601,鹿児島,130.513587,31.517798,,0
鹿児島県,肝属郡医師会立病院,1,matched,normalized_exact,iryojoho_hospital,automatic,care,公益社団法人肝属郡医師会立病院,4610,肝属,130.790092,31.260317,,0
鹿児島県,青仁会 池田病院,1,unmatched,,,automatic,,,,,,,no_name_match,0
鹿児島県,鹿児島大学,4,matched,crosswalk,iryojoho_hospital,university_hospital,care,鹿児島大学病院,4601,鹿児島,,,,0
鹿児島県,鹿児島市保健所,1,unmatched,,,automatic,,,,,,,no_name_match,0
鹿児島県,鹿児島市立病院,2,matched,normalized_exact,iryojoho_hospital,automatic,care,鹿児島市立病院,4601,鹿児島,130.542053,31.574006,,0
鹿児島県,鹿児島徳洲会病院,1,matched,normalized_suffix,ksj_p04,automatic,care,医療法人　徳洲会　鹿児島徳洲会病院,4601,鹿児島,130.55572902668607,31.5718488986687,,0
沖縄県,くばかわメディカルクリニック,1,unmatched,,,automatic,,,,,,,no_name_match,0
沖縄県,ゆずりは訪問診療所,1,matched,normalized_exact,ksj_p04,automatic,care,ゆずりは訪問診療所,4703,南部,127.71594362498486,26.21477916103335,,0
沖縄県,公益財団法人 北部地区医師会病院,1,matched,normalized_suffix,iryojoho_hospital,automatic,care,公益社団法人北部地区医師会　北部地区医師会病院,4701,北部,127.965444,26.607911,,0
沖縄県,医療法人おもと会 大浜第一病院,1,matched,normalized_exact,iryojoho_hospital,automatic,care,医療法人おもと会　大浜第一病院,4703,南部,127.683737,26.234518,,0
沖縄県,医療法人かりゆし会 ハートライフ病院,2,matched,normalized_exact,ksj_p04,automatic,care,社会医療法人かりゆし会　ハートライフ病院,4702,中部,127.77107379611084,26.237910799201973,,0
沖縄県,医療法人敬愛会中頭病院,3,matched,normalized_exact,ksj_p04,automatic,care,社会医療法人敬愛会　中頭病院,4702,中部,127.82567002007852,26.366224467656668,,0
沖縄県,施設掲載なし,3,unassignable,crosswalk,crosswalk,unassignable,,,,,,,,0
沖縄県,沖縄県立中部病院,1,matched,normalized_exact,iryojoho_hospital,automatic,care,沖縄県立中部病院,4702,中部,127.834906,26.354656,,0
沖縄県,沖縄県立南部医療センター,1,unmatched,,,automatic,,,,,,,no_name_match,0
沖縄県,沖縄第一病院,1,matched,normalized_suffix,ksj_p04,automatic,care,医療法人信和会 　沖縄第一病院,4703,南部,127.72626249113259,26.194809131750375,,0
沖縄県,沖縄赤十字病院,1,matched,normalized_exact,iryojoho_hospital,automatic,care,沖縄赤十字病院,4703,南部,127.692638,26.206996,,0
沖縄県,浦添総合病院,1,matched,normalized_suffix,iryojoho_hospital,automatic,care,社会医療法人仁愛会　浦添総合病院,4703,南部,127.737963,26.240744,,0
沖縄県,独立行政法人国立病院機構 沖縄病院,2,matched,normalized_exact,ksj_p04,automatic,care,独立行政法人国立病院機構沖縄病院,4702,中部,127.7554355,26.25182376,,0
沖縄県,琉球大学,7,matched,crosswalk,ksj_p04,university_hospital,care,琉球大学病院,4703,南部,,,,0
海外,海外勤務・留学,13,unassignable,crosswalk,crosswalk,unassignable,,,,,,,,0
